aircraft_model,registration,delivered,config,ife,wifi,power,J,F,PP,E+,Y,aircraft_image,aircraft_seatmap
Airbus A321neo,N14502,2023,20F/57E+/123Y,AVOD,ViaSatKA,110/USB,NA,20,NA,57,123,https://media.united.com/assets/m/7c9ce478782db0ed/original/Airbus-A319-2x.png,https://media.united.com/assets/m/5f1be20d804eac0b/original/0043-A-Airbus-321-NEO_SeatMap_3850x1100.jpg
Airbus A321neo,N14503,2024,20F/57E+/123Y,AVOD,ViaSatKA,110/USB,NA,20,NA,57,123,https://media.united.com/assets/m/7c9ce478782db0ed/original/Airbus-A319-2x.png,https://media.united.com/assets/m/5f1be20d804eac0b/original/0043-A-Airbus-321-NEO_SeatMap_3850x1100.jpg
Airbus A321neo,N14504,2024,20F/57E+/123Y,AVOD,ViaSatKA,110/USB,NA,20,NA,57,123,https://media.united.com/assets/m/7c9ce478782db0ed/original/Airbus-A319-2x.png,https://media.united.com/assets/m/5f1be20d804eac0b/original/0043-A-Airbus-321-NEO_SeatMap_3850x1100.jpg
Airbus A321neo,N24505,2023,20F/57E+/123Y,AVOD,ViaSatKA,110/USB,NA,20,NA,57,123,https://media.united.com/assets/m/7c9ce478782db0ed/original/Airbus-A319-2x.png,https://media.united.com/assets/m/5f1be20d804eac0b/original/0043-A-Airbus-321-NEO_SeatMap_3850x1100.jpg
Airbus A321neo,N14506,2024,20F/57E+/123Y,AVOD,ViaSatKA,110/USB,NA,20,NA,57,123,https://media.united.com/assets/m/7c9ce478782db0ed/original/Airbus-A319-2x.png,https://media.united.com/assets/m/5f1be20d804eac0b/original/0043-A-Airbus-321-NEO_SeatMap_3850x1100.jpg
Airbus A321neo,N14507,2024,20F/57E+/123Y,AVOD,ViaSatKA,110/USB,NA,20,NA,57,123,https://media.united.com/assets/m/7c9ce478782db0ed/original/Airbus-A319-2x.png,https://media.united.com/assets/m/5f1be20d804eac0b/original/0043-A-Airbus-321-NEO_SeatMap_3850x1100.jpg
Airbus A321neo,N24508,2024,20F/57E+/123Y,AVOD,Starlink,110/USB,NA,20,NA,57,123,https://media.united.com/assets/m/7c9ce478782db0ed/original/Airbus-A319-2x.png,https://media.united.com/assets/m/5f1be20d804eac0b/original/0043-A-Airbus-321-NEO_SeatMap_3850x1100.jpg
Airbus A321neo,N14509,2024,20F/57E+/123Y,AVOD,Starlink,110/USB,NA,20,NA,57,123,https://media.united.com/assets/m/7c9ce478782db0ed/original/Airbus-A319-2x.png,https://media.united.com/assets/m/5f1be20d804eac0b/original/0043-A-Airbus-321-NEO_SeatMap_3850x1100.jpg
Airbus A321neo,N24510,2024,20F/57E+/123Y,AVOD,ViaSatKA,110/USB,NA,20,NA,57,123,https://media.united.com/assets/m/7c9ce478782db0ed/original/Airbus-A319-2x.png,https://media.united.com/assets/m/5f1be20d804eac0b/original/0043-A-Airbus-321-NEO_SeatMap_3850x1100.jpg
Airbus A321neo,N14511,2024,20F/57E+/123Y,AVOD,ViaSatKA,110/USB,NA,20,NA,57,123,https://media.united.com/assets/m/7c9ce478782db0ed/original/Airbus-A319-2x.png,https://media.united.com/assets/m/5f1be20d804eac0b/original/0043-A-Airbus-321-NEO_SeatMap_3850x1100.jpg
Airbus A321neo,N14512,2024,20F/57E+/123Y,AVOD,Starlink,110/USB,NA,20,NA,57,123,https://media.united.com/assets/m/7c9ce478782db0ed/original/Airbus-A319-2x.png,https://media.united.com/assets/m/5f1be20d804eac0b/original/0043-A-Airbus-321-NEO_SeatMap_3850x1100.jpg
Airbus A321neo,N24513,2024,20F/57E+/123Y,AVOD,Starlink,110/USB,NA,20,NA,57,123,https://media.united.com/assets/m/7c9ce478782db0ed/original/Airbus-A319-2x.png,https://media.united.com/assets/m/5f1be20d804eac0b/original/0043-A-Airbus-321-NEO_SeatMap_3850x1100.jpg
Airbus A321neo,N24514,2024,20F/57E+/123Y,AVOD,Starlink,110/USB,NA,20,NA,57,123,https://media.united.com/assets/m/7c9ce478782db0ed/original/Airbus-A319-2x.png,https://media.united.com/assets/m/5f1be20d804eac0b/original/0043-A-Airbus-321-NEO_SeatMap_3850x1100.jpg
Airbus A321neo,N14515,2024,20F/57E+/123Y,AVOD,Starlink,110/USB,NA,20,NA,57,123,https://media.united.com/assets/m/7c9ce478782db0ed/original/Airbus-A319-2x.png,https://media.united.com/assets/m/5f1be20d804eac0b/original/0043-A-Airbus-321-NEO_SeatMap_3850x1100.jpg
Airbus A321neo,N24516,2024,20F/57E+/123Y,AVOD,Starlink,110/USB,NA,20,NA,57,123,https://media.united.com/assets/m/7c9ce478782db0ed/original/Airbus-A319-2x.png,https://media.united.com/assets/m/5f1be20d804eac0b/original/0043-A-Airbus-321-NEO_SeatMap_3850x1100.jpg
Airbus A321neo,N14517,2024,20F/57E+/123Y,AVOD,Starlink,110/USB,NA,20,NA,57,123,https://media.united.com/assets/m/7c9ce478782db0ed/original/Airbus-A319-2x.png,https://media.united.com/assets/m/5f1be20d804eac0b/original/0043-A-Airbus-321-NEO_SeatMap_3850x1100.jpg
Airbus A321neo,N14518,2024,20F/57E+/123Y,AVOD,Starlink,110/USB,NA,20,NA,57,123,https://media.united.com/assets/m/7c9ce478782db0ed/original/Airbus-A319-2x.png,https://media.united.com/assets/m/5f1be20d804eac0b/original/0043-A-Airbus-321-NEO_SeatMap_3850x1100.jpg
Airbus A321neo,N24519,2024,20F/57E+/123Y,AVOD,ViaSatKA,110/USB,NA,20,NA,57,123,https://media.united.com/assets/m/7c9ce478782db0ed/original/Airbus-A319-2x.png,https://media.united.com/assets/m/5f1be20d804eac0b/original/0043-A-Airbus-321-NEO_SeatMap_3850x1100.jpg
Airbus A321neo,N14520,2024,20F/57E+/123Y,AVOD,Starlink,110/USB,NA,20,NA,57,123,https://media.united.com/assets/m/7c9ce478782db0ed/original/Airbus-A319-2x.png,https://media.united.com/assets/m/5f1be20d804eac0b/original/0043-A-Airbus-321-NEO_SeatMap_3850x1100.jpg
Airbus A321neo,N14521,2024,20F/57E+/123Y,AVOD,Starlink,110/USB,NA,20,NA,57,123,https://media.united.com/assets/m/7c9ce478782db0ed/original/Airbus-A319-2x.png,https://media.united.com/assets/m/5f1be20d804eac0b/original/0043-A-Airbus-321-NEO_SeatMap_3850x1100.jpg
Airbus A321neo,N44522,2024,20F/57E+/123Y,AVOD,ViaSatKA,110/USB,NA,20,NA,57,123,https://media.united.com/assets/m/7c9ce478782db0ed/original/Airbus-A319-2x.png,https://media.united.com/assets/m/5f1be20d804eac0b/original/0043-A-Airbus-321-NEO_SeatMap_3850x1100.jpg
Airbus A321neo,N14523,2024,20F/57E+/123Y,AVOD,ViaSatKA,110/USB,NA,20,NA,57,123,https://media.united.com/assets/m/7c9ce478782db0ed/original/Airbus-A319-2x.png,https://media.united.com/assets/m/5f1be20d804eac0b/original/0043-A-Airbus-321-NEO_SeatMap_3850x1100.jpg
Airbus A321neo,N14524,2025,20F/57E+/123Y,AVOD,ViaSatKA,110/USB,NA,20,NA,57,123,https://media.united.com/assets/m/7c9ce478782db0ed/original/Airbus-A319-2x.png,https://media.united.com/assets/m/5f1be20d804eac0b/original/0043-A-Airbus-321-NEO_SeatMap_3850x1100.jpg
Airbus A321neo,N54525,2024,20F/57E+/123Y,AVOD,ViaSatKA,110/USB,NA,20,NA,57,123,https://media.united.com/assets/m/7c9ce478782db0ed/original/Airbus-A319-2x.png,https://media.united.com/assets/m/5f1be20d804eac0b/original/0043-A-Airbus-321-NEO_SeatMap_3850x1100.jpg
Airbus A321neo,N24526,2024,20F/57E+/123Y,AVOD,ViaSatKA,110/USB,NA,20,NA,57,123,https://media.united.com/assets/m/7c9ce478782db0ed/original/Airbus-A319-2x.png,https://media.united.com/assets/m/5f1be20d804eac0b/original/0043-A-Airbus-321-NEO_SeatMap_3850x1100.jpg
Airbus A321neo,N14527,2024,20F/57E+/123Y,AVOD,ViaSatKA,110/USB,NA,20,NA,57,123,https://media.united.com/assets/m/7c9ce478782db0ed/original/Airbus-A319-2x.png,https://media.united.com/assets/m/5f1be20d804eac0b/original/0043-A-Airbus-321-NEO_SeatMap_3850x1100.jpg
Airbus A321neo,N14528,2025,20F/57E+/123Y,AVOD,Starlink,110/USB,NA,20,NA,57,123,https://media.united.com/assets/m/7c9ce478782db0ed/original/Airbus-A319-2x.png,https://media.united.com/assets/m/5f1be20d804eac0b/original/0043-A-Airbus-321-NEO_SeatMap_3850x1100.jpg
Airbus A321neo,N14529,2024,20F/57E+/123Y,AVOD,ViaSatKA,110/USB,NA,20,NA,57,123,https://media.united.com/assets/m/7c9ce478782db0ed/original/Airbus-A319-2x.png,https://media.united.com/assets/m/5f1be20d804eac0b/original/0043-A-Airbus-321-NEO_SeatMap_3850x1100.jpg
Airbus A321neo,N14530,2025,20F/57E+/123Y,AVOD,ViaSatKA,110/USB,NA,20,NA,57,123,https://media.united.com/assets/m/7c9ce478782db0ed/original/Airbus-A319-2x.png,https://media.united.com/assets/m/5f1be20d804eac0b/original/0043-A-Airbus-321-NEO_SeatMap_3850x1100.jpg
Airbus A321neo,N14531,2025,20F/57E+/123Y,AVOD,Starlink,110/USB,NA,20,NA,57,123,https://media.united.com/assets/m/7c9ce478782db0ed/original/Airbus-A319-2x.png,https://media.united.com/assets/m/5f1be20d804eac0b/original/0043-A-Airbus-321-NEO_SeatMap_3850x1100.jpg
Airbus A321neo,N74532,2025,20F/57E+/123Y,AVOD,ViaSatKA,110/USB,NA,20,NA,57,123,https://media.united.com/assets/m/7c9ce478782db0ed/original/Airbus-A319-2x.png,https://media.united.com/assets/m/5f1be20d804eac0b/original/0043-A-Airbus-321-NEO_SeatMap_3850x1100.jpg
Airbus A321neo,N14533,2025,20F/57E+/123Y,AVOD,ViaSatKA,110/USB,NA,20,NA,57,123,https://media.united.com/assets/m/7c9ce478782db0ed/original/Airbus-A319-2x.png,https://media.united.com/assets/m/5f1be20d804eac0b/original/0043-A-Airbus-321-NEO_SeatMap_3850x1100.jpg
Airbus A321neo,N14534,2025,20F/57E+/123Y,AVOD,ViaSatKA,110/USB,NA,20,NA,57,123,https://media.united.com/assets/m/7c9ce478782db0ed/original/Airbus-A319-2x.png,https://media.united.com/assets/m/5f1be20d804eac0b/original/0043-A-Airbus-321-NEO_SeatMap_3850x1100.jpg
Airbus A321neo,N34535,2025,20F/57E+/123Y,AVOD,ViaSatKA,110/USB,NA,20,NA,57,123,https://media.united.com/assets/m/7c9ce478782db0ed/original/Airbus-A319-2x.png,https://media.united.com/assets/m/5f1be20d804eac0b/original/0043-A-Airbus-321-NEO_SeatMap_3850x1100.jpg
Airbus A321neo,N14536,2025,20F/57E+/123Y,AVOD,ViaSatKA,110/USB,NA,20,NA,57,123,https://media.united.com/assets/m/7c9ce478782db0ed/original/Airbus-A319-2x.png,https://media.united.com/assets/m/5f1be20d804eac0b/original/0043-A-Airbus-321-NEO_SeatMap_3850x1100.jpg
Airbus A321neo,N24537,2025,20F/57E+/123Y,AVOD,Starlink,110/USB,NA,20,NA,57,123,https://media.united.com/assets/m/7c9ce478782db0ed/original/Airbus-A319-2x.png,https://media.united.com/assets/m/5f1be20d804eac0b/original/0043-A-Airbus-321-NEO_SeatMap_3850x1100.jpg
Airbus A321neo,N54538,2025,20F/57E+/123Y,AVOD,ViaSatKA,110/USB,NA,20,NA,57,123,https://media.united.com/assets/m/7c9ce478782db0ed/original/Airbus-A319-2x.png,https://media.united.com/assets/m/5f1be20d804eac0b/original/0043-A-Airbus-321-NEO_SeatMap_3850x1100.jpg
Airbus A321neo,N14539,2025,20F/57E+/123Y,AVOD,ViaSatKA,110/USB,NA,20,NA,57,123,https://media.united.com/assets/m/7c9ce478782db0ed/original/Airbus-A319-2x.png,https://media.united.com/assets/m/5f1be20d804eac0b/original/0043-A-Airbus-321-NEO_SeatMap_3850x1100.jpg
Airbus A321neo,N14540,2025,20F/57E+/123Y,AVOD,ViaSatKA,110/USB,NA,20,NA,57,123,https://media.united.com/assets/m/7c9ce478782db0ed/original/Airbus-A319-2x.png,https://media.united.com/assets/m/5f1be20d804eac0b/original/0043-A-Airbus-321-NEO_SeatMap_3850x1100.jpg
Airbus A321neo,N14541,2025,20F/57E+/123Y,AVOD,ViaSatKA,110/USB,NA,20,NA,57,123,https://media.united.com/assets/m/7c9ce478782db0ed/original/Airbus-A319-2x.png,https://media.united.com/assets/m/5f1be20d804eac0b/original/0043-A-Airbus-321-NEO_SeatMap_3850x1100.jpg
Airbus A321neo,N24542,2025,20F/57E+/123Y,AVOD,Starlink,110/USB,NA,20,NA,57,123,https://media.united.com/assets/m/7c9ce478782db0ed/original/Airbus-A319-2x.png,https://media.united.com/assets/m/5f1be20d804eac0b/original/0043-A-Airbus-321-NEO_SeatMap_3850x1100.jpg
Airbus A321neo,N54543,2025,20F/57E+/123Y,AVOD,Starlink,110/USB,NA,20,NA,57,123,https://media.united.com/assets/m/7c9ce478782db0ed/original/Airbus-A319-2x.png,https://media.united.com/assets/m/5f1be20d804eac0b/original/0043-A-Airbus-321-NEO_SeatMap_3850x1100.jpg
Airbus A321neo,N14544,2025,20F/57E+/123Y,AVOD,Starlink,110/USB,NA,20,NA,57,123,https://media.united.com/assets/m/7c9ce478782db0ed/original/Airbus-A319-2x.png,https://media.united.com/assets/m/5f1be20d804eac0b/original/0043-A-Airbus-321-NEO_SeatMap_3850x1100.jpg
Airbus A321neo,N14545,2025,20F/57E+/123Y,AVOD,Starlink,110/USB,NA,20,NA,57,123,https://media.united.com/assets/m/7c9ce478782db0ed/original/Airbus-A319-2x.png,https://media.united.com/assets/m/5f1be20d804eac0b/original/0043-A-Airbus-321-NEO_SeatMap_3850x1100.jpg
Airbus A321neo,N14546,2025,20F/57E+/123Y,AVOD,Starlink,110/USB,NA,20,NA,57,123,https://media.united.com/assets/m/7c9ce478782db0ed/original/Airbus-A319-2x.png,https://media.united.com/assets/m/5f1be20d804eac0b/original/0043-A-Airbus-321-NEO_SeatMap_3850x1100.jpg
Airbus A321neo,N34547,2025,20F/57E+/123Y,AVOD,Starlink,110/USB,NA,20,NA,57,123,https://media.united.com/assets/m/7c9ce478782db0ed/original/Airbus-A319-2x.png,https://media.united.com/assets/m/5f1be20d804eac0b/original/0043-A-Airbus-321-NEO_SeatMap_3850x1100.jpg
Airbus A321neo,N14548,2025,20F/57E+/123Y,AVOD,Starlink,110/USB,NA,20,NA,57,123,https://media.united.com/assets/m/7c9ce478782db0ed/original/Airbus-A319-2x.png,https://media.united.com/assets/m/5f1be20d804eac0b/original/0043-A-Airbus-321-NEO_SeatMap_3850x1100.jpg
Airbus A321neo,N14549,2025,20F/57E+/123Y,AVOD,Starlink,110/USB,NA,20,NA,57,123,https://media.united.com/assets/m/7c9ce478782db0ed/original/Airbus-A319-2x.png,https://media.united.com/assets/m/5f1be20d804eac0b/original/0043-A-Airbus-321-NEO_SeatMap_3850x1100.jpg
Airbus A321neo,N44550,2025,20F/57E+/123Y,AVOD,Starlink,110/USB,NA,20,NA,57,123,https://media.united.com/assets/m/7c9ce478782db0ed/original/Airbus-A319-2x.png,https://media.united.com/assets/m/5f1be20d804eac0b/original/0043-A-Airbus-321-NEO_SeatMap_3850x1100.jpg
Airbus A321neo,N34551,2025,20F/57E+/123Y,AVOD,Starlink,110/USB,NA,20,NA,57,123,https://media.united.com/assets/m/7c9ce478782db0ed/original/Airbus-A319-2x.png,https://media.united.com/assets/m/5f1be20d804eac0b/original/0043-A-Airbus-321-NEO_SeatMap_3850x1100.jpg
Airbus A321neo,N54552,2025,20F/57E+/123Y,AVOD,Starlink,110/USB,NA,20,NA,57,123,https://media.united.com/assets/m/7c9ce478782db0ed/original/Airbus-A319-2x.png,https://media.united.com/assets/m/5f1be20d804eac0b/original/0043-A-Airbus-321-NEO_SeatMap_3850x1100.jpg
Airbus A321neo,N14553,2025,20F/57E+/123Y,AVOD,Starlink,110/USB,NA,20,NA,57,123,https://media.united.com/assets/m/7c9ce478782db0ed/original/Airbus-A319-2x.png,https://media.united.com/assets/m/5f1be20d804eac0b/original/0043-A-Airbus-321-NEO_SeatMap_3850x1100.jpg
Airbus A321neo,N14554,2025,20F/57E+/123Y,AVOD,Starlink,110/USB,NA,20,NA,57,123,https://media.united.com/assets/m/7c9ce478782db0ed/original/Airbus-A319-2x.png,https://media.united.com/assets/m/5f1be20d804eac0b/original/0043-A-Airbus-321-NEO_SeatMap_3850x1100.jpg
Airbus A321neo,N24555,2025,20F/57E+/123Y,AVOD,Starlink,110/USB,NA,20,NA,57,123,https://media.united.com/assets/m/7c9ce478782db0ed/original/Airbus-A319-2x.png,https://media.united.com/assets/m/5f1be20d804eac0b/original/0043-A-Airbus-321-NEO_SeatMap_3850x1100.jpg
Airbus A321neo,N94556,2025,20F/57E+/123Y,AVOD,Starlink,110/USB,NA,20,NA,57,123,https://media.united.com/assets/m/7c9ce478782db0ed/original/Airbus-A319-2x.png,https://media.united.com/assets/m/5f1be20d804eac0b/original/0043-A-Airbus-321-NEO_SeatMap_3850x1100.jpg
Airbus A321neo,N14557,2026,20F/57E+/123Y,AVOD,Starlink,110/USB,NA,20,NA,57,123,https://media.united.com/assets/m/7c9ce478782db0ed/original/Airbus-A319-2x.png,https://media.united.com/assets/m/5f1be20d804eac0b/original/0043-A-Airbus-321-NEO_SeatMap_3850x1100.jpg
Airbus A321neo,N54558,2026,20F/57E+/123Y,AVOD,Starlink,110/USB,NA,20,NA,57,123,https://media.united.com/assets/m/7c9ce478782db0ed/original/Airbus-A319-2x.png,https://media.united.com/assets/m/5f1be20d804eac0b/original/0043-A-Airbus-321-NEO_SeatMap_3850x1100.jpg
Airbus A321neo,N14559,2026,20F/57E+/123Y,AVOD,Starlink,110/USB,NA,20,NA,57,123,https://media.united.com/assets/m/7c9ce478782db0ed/original/Airbus-A319-2x.png,https://media.united.com/assets/m/5f1be20d804eac0b/original/0043-A-Airbus-321-NEO_SeatMap_3850x1100.jpg
Airbus A321neo,N14560,2025,20F/57E+/123Y,AVOD,Starlink,110/USB,NA,20,NA,57,123,https://media.united.com/assets/m/7c9ce478782db0ed/original/Airbus-A319-2x.png,https://media.united.com/assets/m/5f1be20d804eac0b/original/0043-A-Airbus-321-NEO_SeatMap_3850x1100.jpg
Airbus A321neo,N54561,2026,20F/57E+/123Y,AVOD,Starlink,110/USB,NA,20,NA,57,123,https://media.united.com/assets/m/7c9ce478782db0ed/original/Airbus-A319-2x.png,https://media.united.com/assets/m/5f1be20d804eac0b/original/0043-A-Airbus-321-NEO_SeatMap_3850x1100.jpg
Airbus A321neo,N34562,2025,20F/57E+/123Y,AVOD,Starlink,110/USB,NA,20,NA,57,123,https://media.united.com/assets/m/7c9ce478782db0ed/original/Airbus-A319-2x.png,https://media.united.com/assets/m/5f1be20d804eac0b/original/0043-A-Airbus-321-NEO_SeatMap_3850x1100.jpg
Airbus A321neo,N14563,2026,20F/57E+/123Y,AVOD,ViaSatKA,110/USB,NA,20,NA,57,123,https://media.united.com/assets/m/7c9ce478782db0ed/original/Airbus-A319-2x.png,https://media.united.com/assets/m/5f1be20d804eac0b/original/0043-A-Airbus-321-NEO_SeatMap_3850x1100.jpg
Airbus A321neo,N14564,2026,20F/57E+/123Y,AVOD,Starlink,110/USB,NA,20,NA,57,123,https://media.united.com/assets/m/7c9ce478782db0ed/original/Airbus-A319-2x.png,https://media.united.com/assets/m/5f1be20d804eac0b/original/0043-A-Airbus-321-NEO_SeatMap_3850x1100.jpg
Airbus A321neo,N14565,2025,20F/57E+/123Y,AVOD,Starlink,110/USB,NA,20,NA,57,123,https://media.united.com/assets/m/7c9ce478782db0ed/original/Airbus-A319-2x.png,https://media.united.com/assets/m/5f1be20d804eac0b/original/0043-A-Airbus-321-NEO_SeatMap_3850x1100.jpg
Airbus A321neo,N14566,2025,20F/57E+/123Y,AVOD,Starlink,110/USB,NA,20,NA,57,123,https://media.united.com/assets/m/7c9ce478782db0ed/original/Airbus-A319-2x.png,https://media.united.com/assets/m/5f1be20d804eac0b/original/0043-A-Airbus-321-NEO_SeatMap_3850x1100.jpg
Airbus A321neo,N14567,2025,20F/57E+/123Y,AVOD,Starlink,110/USB,NA,20,NA,57,123,https://media.united.com/assets/m/7c9ce478782db0ed/original/Airbus-A319-2x.png,https://media.united.com/assets/m/5f1be20d804eac0b/original/0043-A-Airbus-321-NEO_SeatMap_3850x1100.jpg
Airbus A321neo,N14569,2026,20F/57E+/123Y,AVOD,Starlink,110/USB,NA,20,NA,57,123,https://media.united.com/assets/m/7c9ce478782db0ed/original/Airbus-A319-2x.png,https://media.united.com/assets/m/5f1be20d804eac0b/original/0043-A-Airbus-321-NEO_SeatMap_3850x1100.jpg
Airbus A321neo,N54570,2026,20F/57E+/123Y,AVOD,Starlink,110/USB,NA,20,NA,57,123,https://media.united.com/assets/m/7c9ce478782db0ed/original/Airbus-A319-2x.png,https://media.united.com/assets/m/5f1be20d804eac0b/original/0043-A-Airbus-321-NEO_SeatMap_3850x1100.jpg
Airbus A321neo,N24573,2026,20F/57E+/123Y,AVOD,Starlink,110/USB,NA,20,NA,57,123,https://media.united.com/assets/m/7c9ce478782db0ed/original/Airbus-A319-2x.png,https://media.united.com/assets/m/5f1be20d804eac0b/original/0043-A-Airbus-321-NEO_SeatMap_3850x1100.jpg
Airbus A321neo,N34574,2026,20F/57E+/123Y,AVOD,ViaSatKA,110/USB,NA,20,NA,57,123,https://media.united.com/assets/m/7c9ce478782db0ed/original/Airbus-A319-2x.png,https://media.united.com/assets/m/5f1be20d804eac0b/original/0043-A-Airbus-321-NEO_SeatMap_3850x1100.jpg
Airbus A321neo,N14576,2026,20F/57E+/123Y,AVOD,Starlink,110/USB,NA,20,NA,57,123,https://media.united.com/assets/m/7c9ce478782db0ed/original/Airbus-A319-2x.png,https://media.united.com/assets/m/5f1be20d804eac0b/original/0043-A-Airbus-321-NEO_SeatMap_3850x1100.jpg
Boeing 737-700,N24702 ,1998,12F/36E+/78Y,DTV/PDE,ViaSatKA,F/E+,NA,12,NA,36,78,https://media.united.com/assets/m/e1fdecdb14fce86/original/737-MAX-2x.png,https://media.united.com/assets/m/75349c6fec922b74/original/737-700_Seatmap.png
Boeing 737-700,N16703 ,1998,12F/36E+/78Y,DTV/PDE,ViaSatKA,F/E+,NA,12,NA,36,78,https://media.united.com/assets/m/e1fdecdb14fce86/original/737-MAX-2x.png,https://media.united.com/assets/m/75349c6fec922b74/original/737-700_Seatmap.png
Boeing 737-700,N14704 ,1998,12F/36E+/78Y,DTV/PDE,ViaSatKA,F/E+,NA,12,NA,36,78,https://media.united.com/assets/m/e1fdecdb14fce86/original/737-MAX-2x.png,https://media.united.com/assets/m/75349c6fec922b74/original/737-700_Seatmap.png
Boeing 737-700,N25705 ,1998,12F/36E+/78Y,DTV/PDE,ViaSatKA,F/E+,NA,12,NA,36,78,https://media.united.com/assets/m/e1fdecdb14fce86/original/737-MAX-2x.png,https://media.united.com/assets/m/75349c6fec922b74/original/737-700_Seatmap.png
Boeing 737-700,N24706 ,1998,12F/36E+/78Y,DTV/PDE,ViaSatKA?,F/E+,NA,12,NA,36,78,https://media.united.com/assets/m/e1fdecdb14fce86/original/737-MAX-2x.png,https://media.united.com/assets/m/75349c6fec922b74/original/737-700_Seatmap.png
Boeing 737-700,N23707 ,1998,12F/36E+/78Y,DTV/PDE,ViaSatKA,F/E+,NA,12,NA,36,78,https://media.united.com/assets/m/e1fdecdb14fce86/original/737-MAX-2x.png,https://media.united.com/assets/m/75349c6fec922b74/original/737-700_Seatmap.png
Boeing 737-700,N23708 ,1998,12F/36E+/78Y,DTV/PDE,Thales,F/E+,NA,12,NA,36,78,https://media.united.com/assets/m/e1fdecdb14fce86/original/737-MAX-2x.png,https://media.united.com/assets/m/75349c6fec922b74/original/737-700_Seatmap.png
Boeing 737-700,N16709 ,1998,12F/36E+/78Y,DTV/PDE,ViaSatKA,F/E+,NA,12,NA,36,78,https://media.united.com/assets/m/e1fdecdb14fce86/original/737-MAX-2x.png,https://media.united.com/assets/m/75349c6fec922b74/original/737-700_Seatmap.png
Boeing 737-700,N15710 ,1999,12F/36E+/78Y,DTV/PDE,ViaSatKA,F/E+,NA,12,NA,36,78,https://media.united.com/assets/m/e1fdecdb14fce86/original/737-MAX-2x.png,https://media.united.com/assets/m/75349c6fec922b74/original/737-700_Seatmap.png
Boeing 737-700,N54711 ,1998,12F/36E+/78Y,DTV/PDE,ViaSatKA,F/E+,NA,12,NA,36,78,https://media.united.com/assets/m/e1fdecdb14fce86/original/737-MAX-2x.png,https://media.united.com/assets/m/75349c6fec922b74/original/737-700_Seatmap.png
Boeing 737-700,N15712,1998,12F/36E+/78Y,DTV/PDE,ViaSatKA,F/E+,NA,12,NA,36,78,https://media.united.com/assets/m/e1fdecdb14fce86/original/737-MAX-2x.png,https://media.united.com/assets/m/75349c6fec922b74/original/737-700_Seatmap.png
Boeing 737-700,N33714 ,1998,12F/36E+/78Y,DTV/PDE,ViaSatKA?,F/E+,NA,12,NA,36,78,https://media.united.com/assets/m/e1fdecdb14fce86/original/737-MAX-2x.png,https://media.united.com/assets/m/75349c6fec922b74/original/737-700_Seatmap.png
Boeing 737-700,N24715 ,1998,12F/36E+/78Y,DTV/PDE,ViaSatKA,F/E+,NA,12,NA,36,78,https://media.united.com/assets/m/e1fdecdb14fce86/original/737-MAX-2x.png,https://media.united.com/assets/m/75349c6fec922b74/original/737-700_Seatmap.png
Boeing 737-700,N13716 ,1998,12F/36E+/78Y,DTV/PDE,ViaSatKA,F/E+,NA,12,NA,36,78,https://media.united.com/assets/m/e1fdecdb14fce86/original/737-MAX-2x.png,https://media.united.com/assets/m/75349c6fec922b74/original/737-700_Seatmap.png
Boeing 737-700,N13718 ,1999,12F/36E+/78Y,DTV/PDE,ViaSatKA,F/E+,NA,12,NA,36,78,https://media.united.com/assets/m/e1fdecdb14fce86/original/737-MAX-2x.png,https://media.united.com/assets/m/75349c6fec922b74/original/737-700_Seatmap.png
Boeing 737-700,N17719 ,1999,12F/36E+/78Y,DTV/PDE,ViaSatKA,F/E+,NA,12,NA,36,78,https://media.united.com/assets/m/e1fdecdb14fce86/original/737-MAX-2x.png,https://media.united.com/assets/m/75349c6fec922b74/original/737-700_Seatmap.png
Boeing 737-700,N23721 ,1999,12F/36E+/78Y,DTV/PDE,ViaSatKA,F/E+,NA,12,NA,36,78,https://media.united.com/assets/m/e1fdecdb14fce86/original/737-MAX-2x.png,https://media.united.com/assets/m/75349c6fec922b74/original/737-700_Seatmap.png
Boeing 737-700,N27722 ,1999,12F/36E+/78Y,DTV/PDE,Thales,F/E+,NA,12,NA,36,78,https://media.united.com/assets/m/e1fdecdb14fce86/original/737-MAX-2x.png,https://media.united.com/assets/m/75349c6fec922b74/original/737-700_Seatmap.png
Boeing 737-700,N21723 ,1999,12F/36E+/78Y,DTV/PDE,Thales,F/E+,NA,12,NA,36,78,https://media.united.com/assets/m/e1fdecdb14fce86/original/737-MAX-2x.png,https://media.united.com/assets/m/75349c6fec922b74/original/737-700_Seatmap.png
Boeing 737-700,N27724 ,1999,12F/36E+/78Y,DTV/PDE,Thales,F/E+,NA,12,NA,36,78,https://media.united.com/assets/m/e1fdecdb14fce86/original/737-MAX-2x.png,https://media.united.com/assets/m/75349c6fec922b74/original/737-700_Seatmap.png
Boeing 737-700,N38727 ,1998,12F/36E+/78Y,DTV/PDE,Thales,F/E+,NA,12,NA,36,78,https://media.united.com/assets/m/e1fdecdb14fce86/original/737-MAX-2x.png,https://media.united.com/assets/m/75349c6fec922b74/original/737-700_Seatmap.png
Boeing 737-700,N39728 ,1999,12F/36E+/78Y,DTV/PDE,ViaSatKA,F/E+,NA,12,NA,36,78,https://media.united.com/assets/m/e1fdecdb14fce86/original/737-MAX-2x.png,https://media.united.com/assets/m/75349c6fec922b74/original/737-700_Seatmap.png
Boeing 737-700,N24729 ,1999,12F/36E+/78Y,DTV/PDE,ViaSatKA,F/E+,NA,12,NA,36,78,https://media.united.com/assets/m/e1fdecdb14fce86/original/737-MAX-2x.png,https://media.united.com/assets/m/75349c6fec922b74/original/737-700_Seatmap.png
Boeing 737-700,N17730 ,1999,12F/36E+/78Y,DTV/PDE,ViaSatKA,F/E+,NA,12,NA,36,78,https://media.united.com/assets/m/e1fdecdb14fce86/original/737-MAX-2x.png,https://media.united.com/assets/m/75349c6fec922b74/original/737-700_Seatmap.png
Boeing 737-700,N14731 ,1999,12F/36E+/78Y,DTV/PDE,ViaSatKA,F/E+,NA,12,NA,36,78,https://media.united.com/assets/m/e1fdecdb14fce86/original/737-MAX-2x.png,https://media.united.com/assets/m/75349c6fec922b74/original/737-700_Seatmap.png
Boeing 737-700,N16732 ,1999,12F/36E+/78Y,DTV/PDE,ViaSatKA,F/E+,NA,12,NA,36,78,https://media.united.com/assets/m/e1fdecdb14fce86/original/737-MAX-2x.png,https://media.united.com/assets/m/75349c6fec922b74/original/737-700_Seatmap.png
Boeing 737-700,N27733 ,1999,12F/36E+/78Y,DTV/PDE,ViaSatKA,F/E+,NA,12,NA,36,78,https://media.united.com/assets/m/e1fdecdb14fce86/original/737-MAX-2x.png,https://media.united.com/assets/m/75349c6fec922b74/original/737-700_Seatmap.png
Boeing 737-700,N13750 ,1999,12F/36E+/78Y,DTV/PDE,ViaSatKA,F/E+,NA,12,NA,36,78,https://media.united.com/assets/m/e1fdecdb14fce86/original/737-MAX-2x.png,https://media.united.com/assets/m/75349c6fec922b74/original/737-700_Seatmap.png
Boeing 737-700,N16713 ,1998,12F/36E+/78Y,DTV/PDE,ViaSatKA,F/E+,NA,12,NA,36,78,https://media.united.com/assets/m/e1fdecdb14fce86/original/737-MAX-2x.png,https://media.united.com/assets/m/75349c6fec922b74/original/737-700_Seatmap.png
Boeing 737-700,N29717 ,1999,12F/36E+/78Y,DTV/PDE,ViaSatKA?,F/E+,NA,12,NA,36,78,https://media.united.com/assets/m/e1fdecdb14fce86/original/737-MAX-2x.png,https://media.united.com/assets/m/75349c6fec922b74/original/737-700_Seatmap.png
Boeing 737-700,N13720 ,1999,12F/36E+/78Y,PDE,ViaSatKA,F/E+,NA,12,NA,36,78,https://media.united.com/assets/m/e1fdecdb14fce86/original/737-MAX-2x.png,https://media.united.com/assets/m/75349c6fec922b74/original/737-700_Seatmap.png
Boeing 737-700,N39726 ,1999,12F/36E+/78Y,DTV/PDE,Thales,F/E+,NA,12,NA,36,78,https://media.united.com/assets/m/e1fdecdb14fce86/original/737-MAX-2x.png,https://media.united.com/assets/m/75349c6fec922b74/original/737-700_Seatmap.png
Boeing 737-700,N27734 ,1999,12F/36E+/78Y,PDE,ViaSatKA,F/E+,NA,12,NA,36,78,https://media.united.com/assets/m/e1fdecdb14fce86/original/737-MAX-2x.png,https://media.united.com/assets/m/75349c6fec922b74/original/737-700_Seatmap.png
Boeing 737-700,N14735 ,1999,12F/36E+/78Y,PDE,ViaSatKA,F/E+,NA,12,NA,36,78,https://media.united.com/assets/m/e1fdecdb14fce86/original/737-MAX-2x.png,https://media.united.com/assets/m/75349c6fec922b74/original/737-700_Seatmap.png
Boeing 737-700,N24736 ,1999,12F/36E+/78Y,PDE,ViaSatKA,F/E+,NA,12,NA,36,78,https://media.united.com/assets/m/e1fdecdb14fce86/original/737-MAX-2x.png,https://media.united.com/assets/m/75349c6fec922b74/original/737-700_Seatmap.png
Boeing 737-700,N15751 ,91/15,12F/36E+/78Y,PDE,ViaSatKA,F/E+,NA,12,NA,36,78,https://media.united.com/assets/m/e1fdecdb14fce86/original/737-MAX-2x.png,https://media.united.com/assets/m/75349c6fec922b74/original/737-700_Seatmap.png
Boeing 737-700,N17752 ,91/15,12F/36E+/78Y,PDE,ViaSatKA,F/E+,NA,12,NA,36,78,https://media.united.com/assets/m/e1fdecdb14fce86/original/737-MAX-2x.png,https://media.united.com/assets/m/75349c6fec922b74/original/737-700_Seatmap.png
Boeing 737-700,N17753 ,91/15,12F/36E+/78Y,PDE,ViaSatKA,F/E+,NA,12,NA,36,78,https://media.united.com/assets/m/e1fdecdb14fce86/original/737-MAX-2x.png,https://media.united.com/assets/m/75349c6fec922b74/original/737-700_Seatmap.png
Boeing 737-700,N12754 ,91/15,12F/36E+/78Y,PDE,ViaSatKA,F/E+,NA,12,NA,36,78,https://media.united.com/assets/m/e1fdecdb14fce86/original/737-MAX-2x.png,https://media.united.com/assets/m/75349c6fec922b74/original/737-700_Seatmap.png
Boeing 767-300ER,N641UA,1991,30J/24PP/32E+/113Y,AVOD+PDE,Satl Ku,110/USB,30,NA,24,36,113,https://media.united.com/assets/m/1b2147dcd5318024/original/767-300-2x.png,https://media.united.com/assets/m/7f46e01710b8c8ee/original/767-300-V3_SeatMap.png
Boeing 767-300ER,N642UA,1991,30J/24PP/32E+/113Y,AVOD+PDE,Satl Ku,110/USB,30,NA,24,36,113,https://media.united.com/assets/m/1b2147dcd5318024/original/767-300-2x.png,https://media.united.com/assets/m/7f46e01710b8c8ee/original/767-300-V3_SeatMap.png
Boeing 767-300ER,N643UA,1991,30J/24PP/32E+/113Y,AVOD+PDE,Satl Ku,110/USB,30,NA,24,36,113,https://media.united.com/assets/m/1b2147dcd5318024/original/767-300-2x.png,https://media.united.com/assets/m/7f46e01710b8c8ee/original/767-300-V3_SeatMap.png
Boeing 767-300ER,N644UA,1991,30J/24PP/32E+/113Y,AVOD+PDE,Satl Ku,110/USB,30,NA,24,36,113,https://media.united.com/assets/m/1b2147dcd5318024/original/767-300-2x.png,https://media.united.com/assets/m/7f46e01710b8c8ee/original/767-300-V3_SeatMap.png
Boeing 767-300ER,N647UA,1992,30J/24PP/32E+/113Y,AVOD+PDE,Satl Ku,110/USB,30,NA,24,36,113,https://media.united.com/assets/m/1b2147dcd5318024/original/767-300-2x.png,https://media.united.com/assets/m/7f46e01710b8c8ee/original/767-300-V3_SeatMap.png
Boeing 767-300ER,N648UA,1992,30J/24PP/32E+/113Y,AVOD+PDE,Satl Ku,110/USB,30,NA,24,36,113,https://media.united.com/assets/m/1b2147dcd5318024/original/767-300-2x.png,https://media.united.com/assets/m/7f46e01710b8c8ee/original/767-300-V3_SeatMap.png
Boeing 767-300ER,N649UA,1992,30J/24PP/32E+/113Y,AVOD+PDE,Satl Ku,110/USB,30,NA,24,36,113,https://media.united.com/assets/m/1b2147dcd5318024/original/767-300-2x.png,https://media.united.com/assets/m/7f46e01710b8c8ee/original/767-300-V3_SeatMap.png
Boeing 767-300ER,N651UA,1992,30J/24PP/32E+/113Y,AVOD+PDE,Satl Ku,110/USB,30,NA,24,36,113,https://media.united.com/assets/m/1b2147dcd5318024/original/767-300-2x.png,https://media.united.com/assets/m/7f46e01710b8c8ee/original/767-300-V3_SeatMap.png
Boeing 767-300ER,N654UA,1992,30J/24PP/32E+/113Y,AVOD+PDE,Satl Ku,110/USB,30,NA,24,36,113,https://media.united.com/assets/m/1b2147dcd5318024/original/767-300-2x.png,https://media.united.com/assets/m/7f46e01710b8c8ee/original/767-300-V3_SeatMap.png
Boeing 767-300ER,N655UA,1992,30J/24PP/32E+/113Y,AVOD+PDE,Satl Ku,110/USB,30,NA,24,36,113,https://media.united.com/assets/m/1b2147dcd5318024/original/767-300-2x.png,https://media.united.com/assets/m/7f46e01710b8c8ee/original/767-300-V3_SeatMap.png
Boeing 767-300ER,N656UA,1993,30J/24PP/32E+/113Y,AVOD+PDE,Satl Ku,110/USB,30,NA,24,36,113,https://media.united.com/assets/m/1b2147dcd5318024/original/767-300-2x.png,https://media.united.com/assets/m/7f46e01710b8c8ee/original/767-300-V3_SeatMap.png
Boeing 767-300ER,N659UA,1993,30J/24PP/32E+/113Y,AVOD+PDE,Satl Ku,110/USB,30,NA,24,36,113,https://media.united.com/assets/m/1b2147dcd5318024/original/767-300-2x.png,https://media.united.com/assets/m/7f46e01710b8c8ee/original/767-300-V3_SeatMap.png
Boeing 767-300ER,N660UA,1993,30J/24PP/32E+/113Y,AVOD+PDE,Satl Ku,110/USB,30,NA,24,36,113,https://media.united.com/assets/m/1b2147dcd5318024/original/767-300-2x.png,https://media.united.com/assets/m/7f46e01710b8c8ee/original/767-300-V3_SeatMap.png
Boeing 767-300ER,N652UA,1992,46J/22PE/43E+/56Y,AVOD+PDE,Satl Ku,110/USB,46,NA,22,43,56,https://media.united.com/assets/m/1b2147dcd5318024/original/767-300-2x.png,https://media.united.com/assets/m/3a404651615a2ff7/original/767-300-V2_SeatMap.png
Boeing 767-300ER,N653UA,1992,46J/22PE/43E+/56Y,AVOD+PDE,Satl Ku,110/USB,46,NA,22,43,56,https://media.united.com/assets/m/1b2147dcd5318024/original/767-300-2x.png,https://media.united.com/assets/m/3a404651615a2ff7/original/767-300-V2_SeatMap.png
Boeing 767-300ER,N657UA,1993,46J/22PE/43E+/56Y,AVOD+PDE,Satl Ku,110/USB,46,NA,22,43,56,https://media.united.com/assets/m/1b2147dcd5318024/original/767-300-2x.png,https://media.united.com/assets/m/3a404651615a2ff7/original/767-300-V2_SeatMap.png
Boeing 767-300ER,N658UA,1993,46J/22PE/43E+/56Y,AVOD+PDE,Satl Ku,110/USB,46,NA,22,43,56,https://media.united.com/assets/m/1b2147dcd5318024/original/767-300-2x.png,https://media.united.com/assets/m/3a404651615a2ff7/original/767-300-V2_SeatMap.png
Boeing 767-300ER,N661UA,1993,46J/22PE/43E+/56Y,AVOD+PDE,Satl Ku,110/USB,46,NA,22,43,56,https://media.united.com/assets/m/1b2147dcd5318024/original/767-300-2x.png,https://media.united.com/assets/m/3a404651615a2ff7/original/767-300-V2_SeatMap.png
Boeing 767-300ER,N662UA,1993,46J/22PE/43E+/56Y,AVOD+PDE,Satl Ku,110/USB,46,NA,22,43,56,https://media.united.com/assets/m/1b2147dcd5318024/original/767-300-2x.png,https://media.united.com/assets/m/3a404651615a2ff7/original/767-300-V2_SeatMap.png
Boeing 767-300ER,N663UA,1993,46J/22PE/43E+/56Y,AVOD+PDE,Satl Ku,110/USB,46,NA,22,43,56,https://media.united.com/assets/m/1b2147dcd5318024/original/767-300-2x.png,https://media.united.com/assets/m/3a404651615a2ff7/original/767-300-V2_SeatMap.png
Boeing 767-300ER,N664UA,1998,46J/22PE/43E+/56Y,AVOD+PDE,Satl Ku,110/USB,46,NA,22,43,56,https://media.united.com/assets/m/1b2147dcd5318024/original/767-300-2x.png,https://media.united.com/assets/m/3a404651615a2ff7/original/767-300-V2_SeatMap.png
Boeing 767-300ER,N665UA,1998,46J/22PE/43E+/56Y,AVOD+PDE,Satl Ku,110/USB,46,NA,22,43,56,https://media.united.com/assets/m/1b2147dcd5318024/original/767-300-2x.png,https://media.united.com/assets/m/3a404651615a2ff7/original/767-300-V2_SeatMap.png
Boeing 767-300ER,N666UA,1998,46J/22PE/43E+/56Y,AVOD+PDE,Satl Ku,110/USB,46,NA,22,43,56,https://media.united.com/assets/m/1b2147dcd5318024/original/767-300-2x.png,https://media.united.com/assets/m/3a404651615a2ff7/original/767-300-V2_SeatMap.png
Boeing 767-300ER,N667UA,1998,46J/22PE/43E+/56Y,AVOD+PDE,Satl Ku,110/USB,46,NA,22,43,56,https://media.united.com/assets/m/1b2147dcd5318024/original/767-300-2x.png,https://media.united.com/assets/m/3a404651615a2ff7/original/767-300-V2_SeatMap.png
Boeing 767-300ER,N668UA,1999,46J/22PE/43E+/56Y,AVOD+PDE,Satl Ku,110/USB,46,NA,22,43,56,https://media.united.com/assets/m/1b2147dcd5318024/original/767-300-2x.png,https://media.united.com/assets/m/3a404651615a2ff7/original/767-300-V2_SeatMap.png
Boeing 767-300ER,N669UA,1999,46J/22PE/43E+/56Y,AVOD+PDE,Satl Ku,110/USB,46,NA,22,43,56,https://media.united.com/assets/m/1b2147dcd5318024/original/767-300-2x.png,https://media.united.com/assets/m/3a404651615a2ff7/original/767-300-V2_SeatMap.png
Boeing 767-300ER,N670UA,1999,46J/22PE/43E+/56Y,AVOD+PDE,Satl Ku,110/USB,46,NA,22,43,56,https://media.united.com/assets/m/1b2147dcd5318024/original/767-300-2x.png,https://media.united.com/assets/m/3a404651615a2ff7/original/767-300-V2_SeatMap.png
Boeing 767-300ER,N671UA,1999,46J/22PE/43E+/56Y,AVOD+PDE,Satl Ku,110/USB,46,NA,22,43,56,https://media.united.com/assets/m/1b2147dcd5318024/original/767-300-2x.png,https://media.united.com/assets/m/3a404651615a2ff7/original/767-300-V2_SeatMap.png
Boeing 767-300ER,N672UA,1999,46J/22PE/43E+/56Y,AVOD+PDE,Satl Ku,110/USB,46,NA,22,43,56,https://media.united.com/assets/m/1b2147dcd5318024/original/767-300-2x.png,https://media.united.com/assets/m/3a404651615a2ff7/original/767-300-V2_SeatMap.png
Boeing 767-300ER,N673UA,2000,46J/22PE/43E+/56Y,AVOD+PDE,Satl Ku,110/USB,46,NA,22,43,56,https://media.united.com/assets/m/1b2147dcd5318024/original/767-300-2x.png,https://media.united.com/assets/m/3a404651615a2ff7/original/767-300-V2_SeatMap.png
Boeing 767-300ER,N674UA,2000,46J/22PE/43E+/56Y,AVOD+PDE,Satl Ku,110/USB,46,NA,22,43,56,https://media.united.com/assets/m/1b2147dcd5318024/original/767-300-2x.png,https://media.united.com/assets/m/3a404651615a2ff7/original/767-300-V2_SeatMap.png
Boeing 767-300ER,N675UA,2000,46J/22PE/43E+/56Y,AVOD+PDE,Satl Ku,110/USB,46,NA,22,43,56,https://media.united.com/assets/m/1b2147dcd5318024/original/767-300-2x.png,https://media.united.com/assets/m/3a404651615a2ff7/original/767-300-V2_SeatMap.png
Boeing 767-300ER,N676UA,2001,46J/22PE/43E+/56Y,AVOD+PDE,Satl Ku,110/USB,46,NA,22,43,56,https://media.united.com/assets/m/1b2147dcd5318024/original/767-300-2x.png,https://media.united.com/assets/m/3a404651615a2ff7/original/767-300-V2_SeatMap.png
Boeing 767-300ER,N677UA,2001,46J/22PE/43E+/56Y,AVOD+PDE,Satl Ku,110/USB,46,NA,22,43,56,https://media.united.com/assets/m/1b2147dcd5318024/original/767-300-2x.png,https://media.united.com/assets/m/3a404651615a2ff7/original/767-300-V2_SeatMap.png
Boeing 767-300ER,N684UA,2002,46J/22PE/43E+/56Y,AVOD+PDE,Satl Ku,110/USB,46,NA,22,43,56,https://media.united.com/assets/m/1b2147dcd5318024/original/767-300-2x.png,https://media.united.com/assets/m/3a404651615a2ff7/original/767-300-V2_SeatMap.png
Boeing 767-300ER,N685UA,2002,46J/22PE/43E+/56Y,AVOD+PDE,Satl Ku,110/USB,46,NA,22,43,56,https://media.united.com/assets/m/1b2147dcd5318024/original/767-300-2x.png,https://media.united.com/assets/m/3a404651615a2ff7/original/767-300-V2_SeatMap.png
Boeing 767-300ER,N686UA,2003,46J/22PE/43E+/56Y,AVOD+PDE,Satl Ku,110/USB,46,NA,22,43,56,https://media.united.com/assets/m/1b2147dcd5318024/original/767-300-2x.png,https://media.united.com/assets/m/3a404651615a2ff7/original/767-300-V2_SeatMap.png
Boeing 767-400ER,N66051,2000,34J/24PE/48E+/125Y,AVOD+PDE,Satl Ku,110/USB,34,NA,24,48,125,https://media.united.com/assets/m/1b2147dcd5318024/original/767-300-2x.png,https://media.united.com/assets/m/402d979292c41b69/original/767-400_V2_Seatmap.png
Boeing 767-400ER,N67052,2000,34J/24PE/48E+/125Y,AVOD+PDE,Satl Ku,110/USB,34,NA,24,48,125,https://media.united.com/assets/m/1b2147dcd5318024/original/767-300-2x.png,https://media.united.com/assets/m/402d979292c41b69/original/767-400_V2_Seatmap.png
Boeing 767-400ER,N59053,2000,34J/24PE/48E+/125Y,AVOD+PDE,Satl Ku,110/USB,34,NA,24,48,125,https://media.united.com/assets/m/1b2147dcd5318024/original/767-300-2x.png,https://media.united.com/assets/m/402d979292c41b69/original/767-400_V2_Seatmap.png
Boeing 767-400ER,N76054,2000,34J/24PE/48E+/125Y,AVOD+PDE,Satl Ku,110/USB,34,NA,24,48,125,https://media.united.com/assets/m/1b2147dcd5318024/original/767-300-2x.png,https://media.united.com/assets/m/402d979292c41b69/original/767-400_V2_Seatmap.png
Boeing 767-400ER,N76055,2001,34J/24PE/48E+/125Y,AVOD+PDE,Satl Ku,110/USB,34,NA,24,48,125,https://media.united.com/assets/m/1b2147dcd5318024/original/767-300-2x.png,https://media.united.com/assets/m/402d979292c41b69/original/767-400_V2_Seatmap.png
Boeing 767-400ER,N66056,2001,34J/24PE/48E+/125Y,AVOD+PDE,Satl Ku,110/USB,34,NA,24,48,125,https://media.united.com/assets/m/1b2147dcd5318024/original/767-300-2x.png,https://media.united.com/assets/m/402d979292c41b69/original/767-400_V2_Seatmap.png
Boeing 767-400ER,N66057,2002,34J/24PE/48E+/125Y,AVOD+PDE,Satl Ku,110/USB,34,NA,24,48,125,https://media.united.com/assets/m/1b2147dcd5318024/original/767-300-2x.png,https://media.united.com/assets/m/402d979292c41b69/original/767-400_V2_Seatmap.png
Boeing 767-400ER,N67058,2002,34J/24PE/48E+/125Y,AVOD+PDE,Satl Ku,110/USB,34,NA,24,48,125,https://media.united.com/assets/m/1b2147dcd5318024/original/767-300-2x.png,https://media.united.com/assets/m/402d979292c41b69/original/767-400_V2_Seatmap.png
Boeing 767-400ER,N69059,2002,34J/24PE/48E+/125Y,AVOD+PDE,Satl Ku,110/USB,34,NA,24,48,125,https://media.united.com/assets/m/1b2147dcd5318024/original/767-300-2x.png,https://media.united.com/assets/m/402d979292c41b69/original/767-400_V2_Seatmap.png
Boeing 767-400ER,N78060,2002,34J/24PE/48E+/125Y,AVOD+PDE,Satl Ku,110/USB,34,NA,24,48,125,https://media.united.com/assets/m/1b2147dcd5318024/original/767-300-2x.png,https://media.united.com/assets/m/402d979292c41b69/original/767-400_V2_Seatmap.png
Boeing 767-400ER,N68061,2002,34J/24PE/48E+/125Y,AVOD+PDE,Satl Ku,110/USB,34,NA,24,48,125,https://media.united.com/assets/m/1b2147dcd5318024/original/767-300-2x.png,https://media.united.com/assets/m/402d979292c41b69/original/767-400_V2_Seatmap.png
Boeing 767-400ER,N76062,2002,34J/24PE/48E+/125Y,AVOD+PDE,Satl Ku,110/USB,34,NA,24,48,125,https://media.united.com/assets/m/1b2147dcd5318024/original/767-300-2x.png,https://media.united.com/assets/m/402d979292c41b69/original/767-400_V2_Seatmap.png
Boeing 767-400ER,N69063,2002,34J/24PE/48E+/125Y,AVOD+PDE,Satl Ku,110/USB,34,NA,24,48,125,https://media.united.com/assets/m/1b2147dcd5318024/original/767-300-2x.png,https://media.united.com/assets/m/402d979292c41b69/original/767-400_V2_Seatmap.png
Boeing 767-400ER,N76064,2002,34J/24PE/48E+/125Y,AVOD+PDE,Satl Ku,110/USB,34,NA,24,48,125,https://media.united.com/assets/m/1b2147dcd5318024/original/767-300-2x.png,https://media.united.com/assets/m/402d979292c41b69/original/767-400_V2_Seatmap.png
Boeing 767-400ER,N76065,2002,34J/24PE/48E+/125Y,AVOD+PDE,Satl Ku,110/USB,34,NA,24,48,125,https://media.united.com/assets/m/1b2147dcd5318024/original/767-300-2x.png,https://media.united.com/assets/m/402d979292c41b69/original/767-400_V2_Seatmap.png
Boeing 767-400ER,N77066,2002,34J/24PE/48E+/125Y,AVOD+PDE,Satl Ku,110/USB,34,NA,24,48,125,https://media.united.com/assets/m/1b2147dcd5318024/original/767-300-2x.png,https://media.united.com/assets/m/402d979292c41b69/original/767-400_V2_Seatmap.png
Boeing 777-200,N210UA ,2000,28F/102E+/234Y,PDE,Satl Ku,F/E+,NULL,28,NULL,102,234,https://media.united.com/assets/m/2c8d559fcfcec38f/original/777-300-2x.png,https://media.united.com/assets/m/5f45564c1af4723c/original/777-200_V2_SeatMap.png
Boeing 777-200,N211UA ,2000,28F/102E+/234Y,PDE,Satl Ku,F/E+,NULL,28,NULL,102,234,https://media.united.com/assets/m/2c8d559fcfcec38f/original/777-300-2x.png,https://media.united.com/assets/m/5f45564c1af4723c/original/777-200_V2_SeatMap.png
Boeing 777-200,N212UA ,2000,28F/102E+/234Y,PDE,Satl Ku,F/E+,NULL,28,NULL,102,234,https://media.united.com/assets/m/2c8d559fcfcec38f/original/777-300-2x.png,https://media.united.com/assets/m/5f45564c1af4723c/original/777-200_V2_SeatMap.png
Boeing 777-200,N213UA ,2000,28F/102E+/234Y,PDE,Satl Ku,F/E+,NULL,28,NULL,102,234,https://media.united.com/assets/m/2c8d559fcfcec38f/original/777-300-2x.png,https://media.united.com/assets/m/5f45564c1af4723c/original/777-200_V2_SeatMap.png
Boeing 777-200,N214UA ,2000,28F/102E+/234Y,PDE,Satl Ku,F/E+,NULL,28,NULL,102,234,https://media.united.com/assets/m/2c8d559fcfcec38f/original/777-300-2x.png,https://media.united.com/assets/m/5f45564c1af4723c/original/777-200_V2_SeatMap.png
Boeing 777-200,N215UA ,2000,28F/102E+/234Y,PDE,Satl Ku,F/E+,NULL,28,NULL,102,234,https://media.united.com/assets/m/2c8d559fcfcec38f/original/777-300-2x.png,https://media.united.com/assets/m/5f45564c1af4723c/original/777-200_V2_SeatMap.png
Boeing 777-200,N768UA ,1995,28F/102E+/234Y,PDE,Satl Ku,F/E+,NULL,28,NULL,102,234,https://media.united.com/assets/m/2c8d559fcfcec38f/original/777-300-2x.png,https://media.united.com/assets/m/5f45564c1af4723c/original/777-200_V2_SeatMap.png
Boeing 777-200,N769UA ,1995,28F/102E+/234Y,PDE,Satl Ku,F/E+,NULL,28,NULL,102,234,https://media.united.com/assets/m/2c8d559fcfcec38f/original/777-300-2x.png,https://media.united.com/assets/m/5f45564c1af4723c/original/777-200_V2_SeatMap.png
Boeing 777-200,N771UA ,1995,28F/102E+/234Y,PDE,Satl Ku,F/E+,NULL,28,NULL,102,234,https://media.united.com/assets/m/2c8d559fcfcec38f/original/777-300-2x.png,https://media.united.com/assets/m/5f45564c1af4723c/original/777-200_V2_SeatMap.png
Boeing 777-200,N772UA ,1995,28F/102E+/234Y,PDE,Satl Ku,F/E+,NULL,28,NULL,102,234,https://media.united.com/assets/m/2c8d559fcfcec38f/original/777-300-2x.png,https://media.united.com/assets/m/5f45564c1af4723c/original/777-200_V2_SeatMap.png
Boeing 777-200,N773UA ,1995,28F/102E+/234Y,PDE,Satl Ku,F/E+,NULL,28,NULL,102,234,https://media.united.com/assets/m/2c8d559fcfcec38f/original/777-300-2x.png,https://media.united.com/assets/m/5f45564c1af4723c/original/777-200_V2_SeatMap.png
Boeing 777-200,N774UA ,1996,28F/102E+/234Y,PDE,Satl Ku,F/E+,NULL,28,NULL,102,234,https://media.united.com/assets/m/2c8d559fcfcec38f/original/777-300-2x.png,https://media.united.com/assets/m/5f45564c1af4723c/original/777-200_V2_SeatMap.png
Boeing 777-200,N775UA ,1996,28F/102E+/234Y,PDE,Satl Ku,F/E+,NULL,28,NULL,102,234,https://media.united.com/assets/m/2c8d559fcfcec38f/original/777-300-2x.png,https://media.united.com/assets/m/5f45564c1af4723c/original/777-200_V2_SeatMap.png
Boeing 777-200,N776UA ,1996,28F/102E+/234Y,PDE,Satl Ku,F/E+,NULL,28,NULL,102,234,https://media.united.com/assets/m/2c8d559fcfcec38f/original/777-300-2x.png,https://media.united.com/assets/m/5f45564c1af4723c/original/777-200_V2_SeatMap.png
Boeing 777-200,N777UA ,1995,28F/102E+/234Y,PDE,Satl Ku,F/E+,NULL,28,NULL,102,234,https://media.united.com/assets/m/2c8d559fcfcec38f/original/777-300-2x.png,https://media.united.com/assets/m/5f45564c1af4723c/original/777-200_V2_SeatMap.png
Boeing 777-200,N778UA ,1996,28F/102E+/234Y,PDE,Satl Ku,F/E+,NULL,28,NULL,102,234,https://media.united.com/assets/m/2c8d559fcfcec38f/original/777-300-2x.png,https://media.united.com/assets/m/5f45564c1af4723c/original/777-200_V2_SeatMap.png
Boeing 777-200,N779UA ,1996,28F/102E+/234Y,PDE,Satl Ku,F/E+,NULL,28,NULL,102,234,https://media.united.com/assets/m/2c8d559fcfcec38f/original/777-300-2x.png,https://media.united.com/assets/m/5f45564c1af4723c/original/777-200_V2_SeatMap.png
Boeing 777-200,N780UA ,1996,28F/102E+/234Y,PDE,Satl Ku,F/E+,NULL,28,NULL,102,234,https://media.united.com/assets/m/2c8d559fcfcec38f/original/777-300-2x.png,https://media.united.com/assets/m/5f45564c1af4723c/original/777-200_V2_SeatMap.png
Boeing 777-200,N781UA ,1996,28F/102E+/234Y,PDE,Satl Ku,F/E+,NULL,28,NULL,102,234,https://media.united.com/assets/m/2c8d559fcfcec38f/original/777-300-2x.png,https://media.united.com/assets/m/5f45564c1af4723c/original/777-200_V2_SeatMap.png
Boeing 777-200ER,ER,NA,SeatMap not Avail.,NA,NA,NA,NULL,NULL,NULL,NULL,NULL,https://media.united.com/assets/m/2c8d559fcfcec38f/original/777-300-2x.png,NA
Boeing 777-200ER,N219UA ,2001,32F/124E+/206Y,AVOD/PDE,Satl Ku,110/USB,NULL,32,NULL,124,206,https://media.united.com/assets/m/2c8d559fcfcec38f/original/777-300-2x.png,NA
Boeing 777-200ER,N220UA ,2001,32F/124E+/206Y,AVOD/PDE,Satl Ku,110/USB,NULL,32,NULL,124,206,https://media.united.com/assets/m/2c8d559fcfcec38f/original/777-300-2x.png,NA
Boeing 777-200ER,N221UA ,2001,32F/124E+/206Y,AVOD/PDE,Satl Ku,110/USB,NULL,32,NULL,124,206,https://media.united.com/assets/m/2c8d559fcfcec38f/original/777-300-2x.png,NA
Boeing 777-200ER,N222UA ,2001,32F/124E+/206Y,AVOD/PDE,Satl Ku,110/USB,NULL,32,NULL,124,206,https://media.united.com/assets/m/2c8d559fcfcec38f/original/777-300-2x.png,NA
Boeing 777-200ER,PW Powrd ER,NA,"77U=No pilot rest module, lower FA rest module - take up 4 LD# positions","77N=Pilot rest module, FA upper rest area",772ER,NA,J,F,PP,E+,Y,https://media.united.com/assets/m/2c8d559fcfcec38f/original/777-300-2x.png,NA
Boeing 777-200ER,N204UA ,1999,50J/24PE/46E+/156Y,AVOD/PDE,Satl Ku,110/USB,50,NULL,24,46,156,https://media.united.com/assets/m/2c8d559fcfcec38f/original/777-300-2x.png,https://media.united.com/assets/m/135e5704439135f4/original/777-200_V1_SeatMap.png
Boeing 777-200ER,N206UA ,1999,50J/24PE/46E+/156Y,AVOD/PDE,Satl Ku,110/USB,50,NULL,24,46,156,https://media.united.com/assets/m/2c8d559fcfcec38f/original/777-300-2x.png,https://media.united.com/assets/m/135e5704439135f4/original/777-200_V1_SeatMap.png
Boeing 777-200ER,N209UA ,1999,50J/24PE/46E+/156Y,AVOD/PDE,Satl Ku,110/USB,50,NULL,24,46,156,https://media.united.com/assets/m/2c8d559fcfcec38f/original/777-300-2x.png,https://media.united.com/assets/m/135e5704439135f4/original/777-200_V1_SeatMap.png
Boeing 777-200ER,N216UA ,2000,50J/24PE/46E+/156Y,AVOD/PDE,Satl Ku,110/USB,50,NULL,24,46,156,https://media.united.com/assets/m/2c8d559fcfcec38f/original/777-300-2x.png,https://media.united.com/assets/m/135e5704439135f4/original/777-200_V1_SeatMap.png
Boeing 777-200ER,N217UA ,2000,50J/24PE/46E+/156Y,AVOD/PDE,Satl Ku,110/USB,50,NULL,24,46,156,https://media.united.com/assets/m/2c8d559fcfcec38f/original/777-300-2x.png,https://media.united.com/assets/m/135e5704439135f4/original/777-200_V1_SeatMap.png
Boeing 777-200ER,N218UA ,2001,50J/24PE/46E+/156Y,AVOD/PDE,Satl Ku,110/USB,50,NULL,24,46,156,https://media.united.com/assets/m/2c8d559fcfcec38f/original/777-300-2x.png,https://media.united.com/assets/m/135e5704439135f4/original/777-200_V1_SeatMap.png
Boeing 777-200ER,N223UA ,2001,50J/24PE/46E+/156Y,AVOD/PDE,Satl Ku,110/USB,50,NULL,24,46,156,https://media.united.com/assets/m/2c8d559fcfcec38f/original/777-300-2x.png,https://media.united.com/assets/m/135e5704439135f4/original/777-200_V1_SeatMap.png
Boeing 777-200ER,N224UA ,2001,50J/24PE/46E+/156Y,AVOD/PDE,Satl Ku,110/USB,50,NULL,24,46,156,https://media.united.com/assets/m/2c8d559fcfcec38f/original/777-300-2x.png,https://media.united.com/assets/m/135e5704439135f4/original/777-200_V1_SeatMap.png
Boeing 777-200ER,N225UA ,2001,50J/24PE/46E+/156Y,AVOD/PDE,Satl Ku,110/USB,50,NULL,24,46,156,https://media.united.com/assets/m/2c8d559fcfcec38f/original/777-300-2x.png,https://media.united.com/assets/m/135e5704439135f4/original/777-200_V1_SeatMap.png
Boeing 777-200ER,N226UA ,2002,50J/24PE/46E+/156Y,AVOD/PDE,Satl Ku,110/USB,50,NULL,24,46,156,https://media.united.com/assets/m/2c8d559fcfcec38f/original/777-300-2x.png,https://media.united.com/assets/m/135e5704439135f4/original/777-200_V1_SeatMap.png
Boeing 777-200ER,N227UA ,2002,50J/24PE/46E+/156Y,AVOD/PDE,Satl Ku,110/USB,50,NULL,24,46,156,https://media.united.com/assets/m/2c8d559fcfcec38f/original/777-300-2x.png,https://media.united.com/assets/m/135e5704439135f4/original/777-200_V1_SeatMap.png
Boeing 777-200ER,N228UA ,2002,50J/24PE/46E+/156Y,AVOD/PDE,Satl Ku,110/USB,50,NULL,24,46,156,https://media.united.com/assets/m/2c8d559fcfcec38f/original/777-300-2x.png,https://media.united.com/assets/m/135e5704439135f4/original/777-200_V1_SeatMap.png
Boeing 777-200ER,N229UA ,2002,50J/24PE/46E+/156Y,AVOD/PDE,Satl Ku,110/USB,50,NULL,24,46,156,https://media.united.com/assets/m/2c8d559fcfcec38f/original/777-300-2x.png,https://media.united.com/assets/m/135e5704439135f4/original/777-200_V1_SeatMap.png
Boeing 777-200ER,N782UA ,1997,50J/24PE/46E+/156Y,AVOD/PDE,Satl Ku,110/USB,50,NULL,24,46,156,https://media.united.com/assets/m/2c8d559fcfcec38f/original/777-300-2x.png,https://media.united.com/assets/m/135e5704439135f4/original/777-200_V1_SeatMap.png
Boeing 777-200ER,N783UA ,1997,50J/24PE/46E+/156Y,AVOD/PDE,Satl Ku,110/USB,50,NULL,24,46,156,https://media.united.com/assets/m/2c8d559fcfcec38f/original/777-300-2x.png,https://media.united.com/assets/m/135e5704439135f4/original/777-200_V1_SeatMap.png
Boeing 777-200ER,N784UA ,1997,50J/24PE/46E+/156Y,AVOD/PDE,Satl Ku,110/USB,50,NULL,24,46,156,https://media.united.com/assets/m/2c8d559fcfcec38f/original/777-300-2x.png,https://media.united.com/assets/m/135e5704439135f4/original/777-200_V1_SeatMap.png
Boeing 777-200ER,N785UA ,1997,50J/24PE/46E+/156Y,AVOD/PDE,Satl Ku,110/USB,50,NULL,24,46,156,https://media.united.com/assets/m/2c8d559fcfcec38f/original/777-300-2x.png,https://media.united.com/assets/m/135e5704439135f4/original/777-200_V1_SeatMap.png
Boeing 777-200ER,N786UA ,1997,50J/24PE/46E+/156Y,AVOD/PDE,Satl Ku,110/USB,50,NULL,24,46,156,https://media.united.com/assets/m/2c8d559fcfcec38f/original/777-300-2x.png,https://media.united.com/assets/m/135e5704439135f4/original/777-200_V1_SeatMap.png
Boeing 777-200ER,N787UA ,1997,50J/24PE/46E+/156Y,AVOD/PDE,Satl Ku,110/USB,50,NULL,24,46,156,https://media.united.com/assets/m/2c8d559fcfcec38f/original/777-300-2x.png,https://media.united.com/assets/m/135e5704439135f4/original/777-200_V1_SeatMap.png
Boeing 777-200ER,N788UA ,1997,50J/24PE/46E+/156Y,AVOD/PDE,Satl Ku,110/USB,50,NULL,24,46,156,https://media.united.com/assets/m/2c8d559fcfcec38f/original/777-300-2x.png,https://media.united.com/assets/m/135e5704439135f4/original/777-200_V1_SeatMap.png
Boeing 777-200ER,N791UA ,1997,50J/24PE/46E+/156Y,AVOD/PDE,Satl Ku,110/USB,50,NULL,24,46,156,https://media.united.com/assets/m/2c8d559fcfcec38f/original/777-300-2x.png,https://media.united.com/assets/m/135e5704439135f4/original/777-200_V1_SeatMap.png
Boeing 777-200ER,N792UA ,1997,50J/24PE/46E+/156Y,AVOD/PDE,Satl Ku,110/USB,50,NULL,24,46,156,https://media.united.com/assets/m/2c8d559fcfcec38f/original/777-300-2x.png,https://media.united.com/assets/m/135e5704439135f4/original/777-200_V1_SeatMap.png
Boeing 777-200ER,N793UA ,1997,50J/24PE/46E+/156Y,AVOD/PDE,Satl Ku,110/USB,50,NULL,24,46,156,https://media.united.com/assets/m/2c8d559fcfcec38f/original/777-300-2x.png,https://media.united.com/assets/m/135e5704439135f4/original/777-200_V1_SeatMap.png
Boeing 777-200ER,N794UA ,1997,50J/24PE/46E+/156Y,AVOD/PDE,Satl Ku,110/USB,50,NULL,24,46,156,https://media.united.com/assets/m/2c8d559fcfcec38f/original/777-300-2x.png,https://media.united.com/assets/m/135e5704439135f4/original/777-200_V1_SeatMap.png
Boeing 777-200ER,N795UA ,1997,50J/24PE/46E+/156Y,AVOD/PDE,Satl Ku,110/USB,50,NULL,24,46,156,https://media.united.com/assets/m/2c8d559fcfcec38f/original/777-300-2x.png,https://media.united.com/assets/m/135e5704439135f4/original/777-200_V1_SeatMap.png
Boeing 777-200ER,N796UA ,1998,50J/24PE/46E+/156Y,AVOD/PDE,Satl Ku,110/USB,50,NULL,24,46,156,https://media.united.com/assets/m/2c8d559fcfcec38f/original/777-300-2x.png,https://media.united.com/assets/m/135e5704439135f4/original/777-200_V1_SeatMap.png
Boeing 777-200ER,N797UA ,1998,50J/24PE/46E+/156Y,AVOD/PDE,Satl Ku,110/USB,50,NULL,24,46,156,https://media.united.com/assets/m/2c8d559fcfcec38f/original/777-300-2x.png,https://media.united.com/assets/m/135e5704439135f4/original/777-200_V1_SeatMap.png
Boeing 777-200ER,N798UA ,1998,50J/24PE/46E+/156Y,AVOD/PDE,Satl Ku,110/USB,50,NULL,24,46,156,https://media.united.com/assets/m/2c8d559fcfcec38f/original/777-300-2x.png,https://media.united.com/assets/m/135e5704439135f4/original/777-200_V1_SeatMap.png
Boeing 777-200ER,N799UA ,1998,50J/24PE/46E+/156Y,AVOD/PDE,Satl Ku,110/USB,50,NULL,24,46,156,https://media.united.com/assets/m/2c8d559fcfcec38f/original/777-300-2x.png,https://media.united.com/assets/m/135e5704439135f4/original/777-200_V1_SeatMap.png
Boeing 777-200ER,N78001,1998,50J/24PE/46E+/156Y,AVOD/PDE,Satl Ku,110/USB,50,NULL,24,46,156,https://media.united.com/assets/m/2c8d559fcfcec38f/original/777-300-2x.png,https://media.united.com/assets/m/135e5704439135f4/original/777-200_V1_SeatMap.png
Boeing 777-200ER,N78002,1998,50J/24PE/46E+/156Y,AVOD/PDE,Satl Ku,110/USB,50,NULL,24,46,156,https://media.united.com/assets/m/2c8d559fcfcec38f/original/777-300-2x.png,https://media.united.com/assets/m/135e5704439135f4/original/777-200_V1_SeatMap.png
Boeing 777-200ER,N78003,1998,50J/24PE/46E+/156Y,AVOD/PDE,Satl Ku,110/USB,50,NULL,24,46,156,https://media.united.com/assets/m/2c8d559fcfcec38f/original/777-300-2x.png,https://media.united.com/assets/m/135e5704439135f4/original/777-200_V1_SeatMap.png
Boeing 777-200ER,N78004,1998,50J/24PE/46E+/156Y,AVOD/PDE,Satl Ku,110/USB,50,NULL,24,46,156,https://media.united.com/assets/m/2c8d559fcfcec38f/original/777-300-2x.png,https://media.united.com/assets/m/135e5704439135f4/original/777-200_V1_SeatMap.png
Boeing 777-200ER,N78005,1998,50J/24PE/46E+/156Y,AVOD/PDE,Satl Ku,110/USB,50,NULL,24,46,156,https://media.united.com/assets/m/2c8d559fcfcec38f/original/777-300-2x.png,https://media.united.com/assets/m/135e5704439135f4/original/777-200_V1_SeatMap.png
Boeing 777-200ER,N77006,1998,50J/24PE/46E+/156Y,AVOD/PDE,Satl Ku,110/USB,50,NULL,24,46,156,https://media.united.com/assets/m/2c8d559fcfcec38f/original/777-300-2x.png,https://media.united.com/assets/m/135e5704439135f4/original/777-200_V1_SeatMap.png
Boeing 777-200ER,N74007,1999,50J/24PE/46E+/156Y,AVOD/PDE,Satl Ku,110/USB,50,NULL,24,46,156,https://media.united.com/assets/m/2c8d559fcfcec38f/original/777-300-2x.png,https://media.united.com/assets/m/135e5704439135f4/original/777-200_V1_SeatMap.png
Boeing 777-200ER,N78008,1999,50J/24PE/46E+/156Y,AVOD/PDE,Satl Ku,110/USB,50,NULL,24,46,156,https://media.united.com/assets/m/2c8d559fcfcec38f/original/777-300-2x.png,https://media.united.com/assets/m/135e5704439135f4/original/777-200_V1_SeatMap.png
Boeing 777-200ER,N78009,1999,50J/24PE/46E+/156Y,AVOD/PDE,Satl Ku,110/USB,50,NULL,24,46,156,https://media.united.com/assets/m/2c8d559fcfcec38f/original/777-300-2x.png,https://media.united.com/assets/m/135e5704439135f4/original/777-200_V1_SeatMap.png
Boeing 777-200ER,N76010,1999,50J/24PE/46E+/156Y,AVOD/PDE,Satl Ku,110/USB,50,NULL,24,46,156,https://media.united.com/assets/m/2c8d559fcfcec38f/original/777-300-2x.png,https://media.united.com/assets/m/135e5704439135f4/original/777-200_V1_SeatMap.png
Boeing 777-200ER,N79011,1999,50J/24PE/46E+/156Y,AVOD/PDE,Satl Ku,110/USB,50,NULL,24,46,156,https://media.united.com/assets/m/2c8d559fcfcec38f/original/777-300-2x.png,https://media.united.com/assets/m/135e5704439135f4/original/777-200_V1_SeatMap.png
Boeing 777-200ER,N77012,1999,50J/24PE/46E+/156Y,AVOD/PDE,Satl Ku,110/USB,50,NULL,24,46,156,https://media.united.com/assets/m/2c8d559fcfcec38f/original/777-300-2x.png,https://media.united.com/assets/m/135e5704439135f4/original/777-200_V1_SeatMap.png
Boeing 777-200ER,N78013,1999,50J/24PE/46E+/156Y,AVOD/PDE,Satl Ku,110/USB,50,NULL,24,46,156,https://media.united.com/assets/m/2c8d559fcfcec38f/original/777-300-2x.png,https://media.united.com/assets/m/135e5704439135f4/original/777-200_V1_SeatMap.png
Boeing 777-200ER,N77014,1999,50J/24PE/46E+/156Y,AVOD/PDE,Satl Ku,110/USB,50,NULL,24,46,156,https://media.united.com/assets/m/2c8d559fcfcec38f/original/777-300-2x.png,https://media.united.com/assets/m/135e5704439135f4/original/777-200_V1_SeatMap.png
Boeing 777-200ER,N27015,2000,50J/24PE/46E+/156Y,AVOD/PDE,Satl Ku,110/USB,50,NULL,24,46,156,https://media.united.com/assets/m/2c8d559fcfcec38f/original/777-300-2x.png,https://media.united.com/assets/m/135e5704439135f4/original/777-200_V1_SeatMap.png
Boeing 777-200ER,N57016,2000,50J/24PE/46E+/156Y,AVOD/PDE,Satl Ku,110/USB,50,NULL,24,46,156,https://media.united.com/assets/m/2c8d559fcfcec38f/original/777-300-2x.png,https://media.united.com/assets/m/135e5704439135f4/original/777-200_V1_SeatMap.png
Boeing 777-200ER,N78017,2002,50J/24PE/46E+/156Y,AVOD/PDE,Satl Ku,110/USB,50,NULL,24,46,156,https://media.united.com/assets/m/2c8d559fcfcec38f/original/777-300-2x.png,https://media.united.com/assets/m/135e5704439135f4/original/777-200_V1_SeatMap.png
Boeing 777-200ER,N37018,2002,50J/24PE/46E+/156Y,AVOD/PDE,Starlink,110/USB,50,NULL,24,46,156,https://media.united.com/assets/m/2c8d559fcfcec38f/original/777-300-2x.png,https://media.united.com/assets/m/135e5704439135f4/original/777-200_V1_SeatMap.png
Boeing 777-200ER,N77019,2007,50J/24PE/46E+/156Y,AVOD/PDE,Satl Ku,110/USB,50,NULL,24,46,156,https://media.united.com/assets/m/2c8d559fcfcec38f/original/777-300-2x.png,https://media.united.com/assets/m/135e5704439135f4/original/777-200_V1_SeatMap.png
Boeing 777-200ER,N69020,2007,50J/24PE/46E+/156Y,AVOD/PDE,Satl Ku,110/USB,50,NULL,24,46,156,https://media.united.com/assets/m/2c8d559fcfcec38f/original/777-300-2x.png,https://media.united.com/assets/m/135e5704439135f4/original/777-200_V1_SeatMap.png
Boeing 777-200ER,N76021,2010,50J/24PE/46E+/156Y,AVOD/PDE,Satl Ku,110/USB,50,NULL,24,46,156,https://media.united.com/assets/m/2c8d559fcfcec38f/original/777-300-2x.png,https://media.united.com/assets/m/135e5704439135f4/original/777-200_V1_SeatMap.png
Boeing 777-200ER,N77022,2010,50J/24PE/46E+/156Y,AVOD/PDE,Satl Ku,110/USB,50,NULL,24,46,156,https://media.united.com/assets/m/2c8d559fcfcec38f/original/777-300-2x.png,https://media.united.com/assets/m/135e5704439135f4/original/777-200_V1_SeatMap.png
Boeing 777-300,N2331U ,2016,60J/24PE/62E+/204Y,AVOD/PDE,Satl Ku,110/USB,60,NA,24,62,204,https://media.united.com/assets/m/2c8d559fcfcec38f/original/777-300-2x.png,https://media.united.com/assets/m/7d514e882a9d133f/original/777-300ER_SeatMap.png
Boeing 777-300,N2332U,2016,60J/24PE/62E+/204Y,AVOD/PDE,Satl Ku,110/USB,60,NA,24,62,204,https://media.united.com/assets/m/2c8d559fcfcec38f/original/777-300-2x.png,https://media.united.com/assets/m/7d514e882a9d133f/original/777-300ER_SeatMap.png
Boeing 777-300,N2333U ,2017,60J/24PE/62E+/204Y,AVOD/PDE,Satl Ku,110/USB,60,NA,24,62,204,https://media.united.com/assets/m/2c8d559fcfcec38f/original/777-300-2x.png,https://media.united.com/assets/m/7d514e882a9d133f/original/777-300ER_SeatMap.png
Boeing 777-300,N2534U ,2017,60J/24PE/62E+/204Y,AVOD/PDE,Satl Ku,110/USB,60,NA,24,62,204,https://media.united.com/assets/m/2c8d559fcfcec38f/original/777-300-2x.png,https://media.united.com/assets/m/7d514e882a9d133f/original/777-300ER_SeatMap.png
Boeing 777-300,N2135U ,2017,60J/24PE/62E+/204Y,AVOD/PDE,Satl Ku,110/USB,60,NA,24,62,204,https://media.united.com/assets/m/2c8d559fcfcec38f/original/777-300-2x.png,https://media.united.com/assets/m/7d514e882a9d133f/original/777-300ER_SeatMap.png
Boeing 777-300,N2136U ,2017,60J/24PE/62E+/204Y,AVOD/PDE,Satl Ku,110/USB,60,NA,24,62,204,https://media.united.com/assets/m/2c8d559fcfcec38f/original/777-300-2x.png,https://media.united.com/assets/m/7d514e882a9d133f/original/777-300ER_SeatMap.png
Boeing 777-300,N2737U ,2017,60J/24PE/62E+/204Y,AVOD/PDE,Satl Ku,110/USB,60,NA,24,62,204,https://media.united.com/assets/m/2c8d559fcfcec38f/original/777-300-2x.png,https://media.united.com/assets/m/7d514e882a9d133f/original/777-300ER_SeatMap.png
Boeing 777-300,N2138U ,2017,60J/24PE/62E+/204Y,AVOD/PDE,Satl Ku,110/USB,60,NA,24,62,204,https://media.united.com/assets/m/2c8d559fcfcec38f/original/777-300-2x.png,https://media.united.com/assets/m/7d514e882a9d133f/original/777-300ER_SeatMap.png
Boeing 777-300,N2639U ,2017,60J/24PE/62E+/204Y,AVOD/PDE,Satl Ku,110/USB,60,NA,24,62,204,https://media.united.com/assets/m/2c8d559fcfcec38f/original/777-300-2x.png,https://media.united.com/assets/m/7d514e882a9d133f/original/777-300ER_SeatMap.png
Boeing 777-300,N2140U ,2017,60J/24PE/62E+/204Y,AVOD/PDE,Satl Ku,110/USB,60,NA,24,62,204,https://media.united.com/assets/m/2c8d559fcfcec38f/original/777-300-2x.png,https://media.united.com/assets/m/7d514e882a9d133f/original/777-300ER_SeatMap.png
Boeing 777-300,N2341U ,2017,60J/24PE/62E+/204Y,AVOD/PDE,Satl Ku,110/USB,60,NA,24,62,204,https://media.united.com/assets/m/2c8d559fcfcec38f/original/777-300-2x.png,https://media.united.com/assets/m/7d514e882a9d133f/original/777-300ER_SeatMap.png
Boeing 777-300,N2142U ,2017,60J/24PE/62E+/204Y,AVOD/PDE,Satl Ku,110/USB,60,NA,24,62,204,https://media.united.com/assets/m/2c8d559fcfcec38f/original/777-300-2x.png,https://media.united.com/assets/m/7d514e882a9d133f/original/777-300ER_SeatMap.png
Boeing 777-300,N2243U ,2017,60J/24PE/62E+/204Y,AVOD/PDE,Satl Ku,110/USB,60,NA,24,62,204,https://media.united.com/assets/m/2c8d559fcfcec38f/original/777-300-2x.png,https://media.united.com/assets/m/7d514e882a9d133f/original/777-300ER_SeatMap.png
Boeing 777-300,N2644U ,2017,60J/24PE/62E+/204Y,AVOD/PDE,Satl Ku,110/USB,60,NA,24,62,204,https://media.united.com/assets/m/2c8d559fcfcec38f/original/777-300-2x.png,https://media.united.com/assets/m/7d514e882a9d133f/original/777-300ER_SeatMap.png
Boeing 777-300,N2645U ,2018,60J/24PE/62E+/204Y,AVOD/PDE,Satl Ku,110/USB,60,NA,24,62,204,https://media.united.com/assets/m/2c8d559fcfcec38f/original/777-300-2x.png,https://media.united.com/assets/m/7d514e882a9d133f/original/777-300ER_SeatMap.png
Boeing 777-300,N2846U ,2018,60J/24PE/62E+/204Y,AVOD/PDE,Satl Ku,110/USB,60,NA,24,62,204,https://media.united.com/assets/m/2c8d559fcfcec38f/original/777-300-2x.png,https://media.united.com/assets/m/7d514e882a9d133f/original/777-300ER_SeatMap.png
Boeing 777-300,N2747U ,2018,60J/24PE/62E+/204Y,AVOD/PDE,Satl Ku,110/USB,60,NA,24,62,204,https://media.united.com/assets/m/2c8d559fcfcec38f/original/777-300-2x.png,https://media.united.com/assets/m/7d514e882a9d133f/original/777-300ER_SeatMap.png
Boeing 777-300,N2748U ,2018,60J/24PE/62E+/204Y,AVOD/PDE,Satl Ku,110/USB,60,NA,24,62,204,https://media.united.com/assets/m/2c8d559fcfcec38f/original/777-300-2x.png,https://media.united.com/assets/m/7d514e882a9d133f/original/777-300ER_SeatMap.png
Boeing 777-300,N2749U ,2019,60J/24PE/62E+/204Y,AVOD/PDE,Satl Ku,110/USB,60,NA,24,62,204,https://media.united.com/assets/m/2c8d559fcfcec38f/original/777-300-2x.png,https://media.united.com/assets/m/7d514e882a9d133f/original/777-300ER_SeatMap.png
Boeing 777-300,N2250U ,2019,60J/24PE/62E+/204Y,AVOD/PDE,Satl Ku,110/USB,60,NA,24,62,204,https://media.united.com/assets/m/2c8d559fcfcec38f/original/777-300-2x.png,https://media.united.com/assets/m/7d514e882a9d133f/original/777-300ER_SeatMap.png
Boeing 777-300,N2251U ,2020,60J/24PE/62E+/204Y,AVOD/PDE,Satl Ku,110/USB,60,NA,24,62,204,https://media.united.com/assets/m/2c8d559fcfcec38f/original/777-300-2x.png,https://media.united.com/assets/m/7d514e882a9d133f/original/777-300ER_SeatMap.png
Boeing 777-300,N2352U ,2020,60J/24PE/62E+/204Y,AVOD/PDE,Satl Ku,110/USB,60,NA,24,62,204,https://media.united.com/assets/m/2c8d559fcfcec38f/original/777-300-2x.png,https://media.united.com/assets/m/7d514e882a9d133f/original/777-300ER_SeatMap.png
Boeing 787-8 Dreamliner,N27901,2012,28J/21PE/36E+/158Y,AVOD/PDE,Satl Ku,110/USB,28,NA,21,36,158,https://media.united.com/assets/m/4a29a23b8c38ff55/original/787-8-png-2x.png,https://media.united.com/assets/m/c8b1f1d11e6c118/original/787-8_SeatMap.png
Boeing 787-8 Dreamliner,N26902,2012,28J/21PE/36E+/158Y,AVOD/PDE,Satl Ku,110/USB,28,NA,21,36,158,https://media.united.com/assets/m/4a29a23b8c38ff55/original/787-8-png-2x.png,https://media.united.com/assets/m/c8b1f1d11e6c118/original/787-8_SeatMap.png
Boeing 787-8 Dreamliner,N27903,2012,28J/21PE/36E+/158Y,AVOD/PDE,Satl Ku,110/USB,28,NA,21,36,158,https://media.united.com/assets/m/4a29a23b8c38ff55/original/787-8-png-2x.png,https://media.united.com/assets/m/c8b1f1d11e6c118/original/787-8_SeatMap.png
Boeing 787-8 Dreamliner,N20904,2012,28J/21PE/36E+/158Y,AVOD/PDE,Satl Ku,110/USB,28,NA,21,36,158,https://media.united.com/assets/m/4a29a23b8c38ff55/original/787-8-png-2x.png,https://media.united.com/assets/m/c8b1f1d11e6c118/original/787-8_SeatMap.png
Boeing 787-8 Dreamliner,N45905,2012,28J/21PE/36E+/158Y,AVOD/PDE,Satl Ku,110/USB,28,NA,21,36,158,https://media.united.com/assets/m/4a29a23b8c38ff55/original/787-8-png-2x.png,https://media.united.com/assets/m/c8b1f1d11e6c118/original/787-8_SeatMap.png
Boeing 787-8 Dreamliner,N26906,2012,28J/21PE/36E+/158Y,AVOD/PDE,Satl Ku,110/USB,28,NA,21,36,158,https://media.united.com/assets/m/4a29a23b8c38ff55/original/787-8-png-2x.png,https://media.united.com/assets/m/c8b1f1d11e6c118/original/787-8_SeatMap.png
Boeing 787-8 Dreamliner,N29907,2013,28J/21PE/36E+/158Y,AVOD/PDE,Satl Ku,110/USB,28,NA,21,36,158,https://media.united.com/assets/m/4a29a23b8c38ff55/original/787-8-png-2x.png,https://media.united.com/assets/m/c8b1f1d11e6c118/original/787-8_SeatMap.png
Boeing 787-8 Dreamliner,N27908,2013,28J/21PE/36E+/158Y,AVOD/PDE,Satl Ku,110/USB,28,NA,21,36,158,https://media.united.com/assets/m/4a29a23b8c38ff55/original/787-8-png-2x.png,https://media.united.com/assets/m/c8b1f1d11e6c118/original/787-8_SeatMap.png
Boeing 787-8 Dreamliner,N26909,2014,28J/21PE/36E+/158Y,AVOD/PDE,Satl Ku,110/USB,28,NA,21,36,158,https://media.united.com/assets/m/4a29a23b8c38ff55/original/787-8-png-2x.png,https://media.united.com/assets/m/c8b1f1d11e6c118/original/787-8_SeatMap.png
Boeing 787-8 Dreamliner,N26910,2014,28J/21PE/36E+/158Y,AVOD/PDE,Satl Ku,110/USB,28,NA,21,36,158,https://media.united.com/assets/m/4a29a23b8c38ff55/original/787-8-png-2x.png,https://media.united.com/assets/m/c8b1f1d11e6c118/original/787-8_SeatMap.png
Boeing 787-8 Dreamliner,N28912,2014,28J/21PE/36E+/158Y,AVOD/PDE,Satl Ku,110/USB,28,NA,21,36,158,https://media.united.com/assets/m/4a29a23b8c38ff55/original/787-8-png-2x.png,https://media.united.com/assets/m/c8b1f1d11e6c118/original/787-8_SeatMap.png
Boeing 787-8 Dreamliner,N30913,2014,28J/21PE/36E+/158Y,AVOD/PDE,Satl Ku,110/USB,28,NA,21,36,158,https://media.united.com/assets/m/4a29a23b8c38ff55/original/787-8-png-2x.png,https://media.united.com/assets/m/c8b1f1d11e6c118/original/787-8_SeatMap.png
Boeing 787-10 Dreamliner,N14001,2018,44J/21PE/54E+/199Y,AVOD/PDE,Satl Ku,110/USB,44,NA,21,54,199,https://media.united.com/assets/m/4a29a23b8c38ff55/original/787-8-png-2x.png,https://media.united.com/assets/m/3ccf19b38c5430c2/original/787-10_SeatMap.png
Boeing 787-10 Dreamliner,N17002,2018,44J/21PE/54E+/199Y,AVOD/PDE,Satl Ku,110/USB,44,NA,21,54,199,https://media.united.com/assets/m/4a29a23b8c38ff55/original/787-8-png-2x.png,https://media.united.com/assets/m/3ccf19b38c5430c2/original/787-10_SeatMap.png
Boeing 787-10 Dreamliner,N12003,2018,44J/21PE/54E+/199Y,AVOD/PDE,Satl Ku,110/USB,44,NA,21,54,199,https://media.united.com/assets/m/4a29a23b8c38ff55/original/787-8-png-2x.png,https://media.united.com/assets/m/3ccf19b38c5430c2/original/787-10_SeatMap.png
Boeing 787-10 Dreamliner,N12004,2018,44J/21PE/54E+/199Y,AVOD/PDE,Satl Ku,110/USB,44,NA,21,54,199,https://media.united.com/assets/m/4a29a23b8c38ff55/original/787-8-png-2x.png,https://media.united.com/assets/m/3ccf19b38c5430c2/original/787-10_SeatMap.png
Boeing 787-10 Dreamliner,N12005,2018,44J/21PE/54E+/199Y,AVOD/PDE,Satl Ku,110/USB,44,NA,21,54,199,https://media.united.com/assets/m/4a29a23b8c38ff55/original/787-8-png-2x.png,https://media.united.com/assets/m/3ccf19b38c5430c2/original/787-10_SeatMap.png
Boeing 787-10 Dreamliner,N12006,2019,44J/21PE/54E+/199Y,AVOD/PDE,Satl Ku,110/USB,44,NA,21,54,199,https://media.united.com/assets/m/4a29a23b8c38ff55/original/787-8-png-2x.png,https://media.united.com/assets/m/3ccf19b38c5430c2/original/787-10_SeatMap.png
Boeing 787-10 Dreamliner,N91007,2019,44J/21PE/54E+/199Y,AVOD/PDE,Satl Ku,110/USB,44,NA,21,54,199,https://media.united.com/assets/m/4a29a23b8c38ff55/original/787-8-png-2x.png,https://media.united.com/assets/m/3ccf19b38c5430c2/original/787-10_SeatMap.png
Boeing 787-10 Dreamliner,N16008,2019,44J/21PE/54E+/199Y,AVOD/PDE,Satl Ku,110/USB,44,NA,21,54,199,https://media.united.com/assets/m/4a29a23b8c38ff55/original/787-8-png-2x.png,https://media.united.com/assets/m/3ccf19b38c5430c2/original/787-10_SeatMap.png
Boeing 787-10 Dreamliner,N16009,2019,44J/21PE/54E+/199Y,AVOD/PDE,Satl Ku,110/USB,44,NA,21,54,199,https://media.united.com/assets/m/4a29a23b8c38ff55/original/787-8-png-2x.png,https://media.united.com/assets/m/3ccf19b38c5430c2/original/787-10_SeatMap.png
Boeing 787-10 Dreamliner,N12010,2019,44J/21PE/54E+/199Y,AVOD/PDE,Satl Ku,110/USB,44,NA,21,54,199,https://media.united.com/assets/m/4a29a23b8c38ff55/original/787-8-png-2x.png,https://media.united.com/assets/m/3ccf19b38c5430c2/original/787-10_SeatMap.png
Boeing 787-10 Dreamliner,N14011,2019,44J/21PE/54E+/199Y,AVOD/PDE,Satl Ku,110/USB,44,NA,21,54,199,https://media.united.com/assets/m/4a29a23b8c38ff55/original/787-8-png-2x.png,https://media.united.com/assets/m/3ccf19b38c5430c2/original/787-10_SeatMap.png
Boeing 787-10 Dreamliner,N12012,2020,44J/21PE/54E+/199Y,AVOD/PDE,Satl Ku,110/USB,44,NA,21,54,199,https://media.united.com/assets/m/4a29a23b8c38ff55/original/787-8-png-2x.png,https://media.united.com/assets/m/3ccf19b38c5430c2/original/787-10_SeatMap.png
Boeing 787-10 Dreamliner,N13013,2020,44J/21PE/54E+/199Y,AVOD/PDE,Satl Ku,110/USB,44,NA,21,54,199,https://media.united.com/assets/m/4a29a23b8c38ff55/original/787-8-png-2x.png,https://media.united.com/assets/m/3ccf19b38c5430c2/original/787-10_SeatMap.png
Boeing 787-10 Dreamliner,N13014,2020,44J/21PE/54E+/199Y,AVOD/PDE,Satl Ku,110/USB,44,NA,21,54,199,https://media.united.com/assets/m/4a29a23b8c38ff55/original/787-8-png-2x.png,https://media.united.com/assets/m/3ccf19b38c5430c2/original/787-10_SeatMap.png
Boeing 787-10 Dreamliner,N17015,2022,44J/21PE/54E+/199Y,AVOD/PDE,Satl Ku,110/USB,44,NA,21,54,199,https://media.united.com/assets/m/4a29a23b8c38ff55/original/787-8-png-2x.png,https://media.united.com/assets/m/3ccf19b38c5430c2/original/787-10_SeatMap.png
Boeing 787-10 Dreamliner,N14016,2022,44J/21PE/54E+/199Y,AVOD/PDE,Satl Ku,110/USB,44,NA,21,54,199,https://media.united.com/assets/m/4a29a23b8c38ff55/original/787-8-png-2x.png,https://media.united.com/assets/m/3ccf19b38c5430c2/original/787-10_SeatMap.png
Boeing 787-10 Dreamliner,N17017,2022,44J/21PE/54E+/199Y,AVOD/PDE,Satl Ku,110/USB,44,NA,21,54,199,https://media.united.com/assets/m/4a29a23b8c38ff55/original/787-8-png-2x.png,https://media.united.com/assets/m/3ccf19b38c5430c2/original/787-10_SeatMap.png
Boeing 787-10 Dreamliner,N13018,2022,44J/21PE/54E+/199Y,AVOD/PDE,Satl Ku,110/USB,44,NA,21,54,199,https://media.united.com/assets/m/4a29a23b8c38ff55/original/787-8-png-2x.png,https://media.united.com/assets/m/3ccf19b38c5430c2/original/787-10_SeatMap.png
Boeing 787-10 Dreamliner,N14019,2022,44J/21PE/54E+/199Y,AVOD/PDE,Satl Ku,110/USB,44,NA,21,54,199,https://media.united.com/assets/m/4a29a23b8c38ff55/original/787-8-png-2x.png,https://media.united.com/assets/m/3ccf19b38c5430c2/original/787-10_SeatMap.png
Boeing 787-10 Dreamliner,N12020,2022,44J/21PE/54E+/199Y,AVOD/PDE,Satl Ku,110/USB,44,NA,21,54,199,https://media.united.com/assets/m/4a29a23b8c38ff55/original/787-8-png-2x.png,https://media.united.com/assets/m/3ccf19b38c5430c2/original/787-10_SeatMap.png
Boeing 787-10 Dreamliner,N12021,2022,44J/21PE/54E+/199Y,AVOD/PDE,Satl Ku,110/USB,44,NA,21,54,199,https://media.united.com/assets/m/4a29a23b8c38ff55/original/787-8-png-2x.png,https://media.united.com/assets/m/3ccf19b38c5430c2/original/787-10_SeatMap.png
